battery_id,cycle,capacity_ah,soh,ambient_temperature
B0005,1,1.8564874208181568,1.0,24
B0005,2,1.846327249719927,0.9945272071416716,24
B0005,3,1.835349194223408,0.9886138595081708,24
B0005,4,1.8352625275821128,0.9885671763794174,24
B0005,5,1.8346455082120416,0.9882348178817772,24
B0005,6,1.8356616600675493,0.9887821697485945,24
B0005,7,1.8351461429226603,0.9885044855913476,24
B0005,8,1.8257567905665533,0.9834468955151549,24
B0005,9,1.8247738529891333,0.9829174345738104,24
B0005,10,1.824613268496936,0.9828309354731992,24
B0005,11,1.8246195526864504,0.982834320462208,24
B0005,12,1.814201935767392,0.977222853989428,24
B0005,13,1.8137521577549047,0.9769805803238794,24
B0005,14,1.8134404914735824,0.9768127007692818,24
B0005,15,1.8025980036306504,0.9709723768751648,24
B0005,16,1.80210690024615,0.9707078432300708,24
B0005,17,1.802579500826209,0.9709624103091468,24
B0005,18,1.8030683142834096,0.9712257104811376,24
B0005,19,1.802777624719604,0.971069130069902,24
B0005,20,1.8470259949329195,0.994903587398902,24
B0005,21,1.847417311283644,0.995114370594272,24
B0005,22,1.8361774213478947,0.989059985409806,24
B0005,23,1.825780747577624,0.9834597999985366,24
B0005,24,1.8251136435078368,0.9831004632950898,24
B0005,25,1.825581504220376,0.9833524772367372,24
B0005,26,1.814031127508391,0.977130847840027,24
B0005,27,1.8147691941158937,0.9775284086310274,24
B0005,28,1.813969388710352,0.9770975921350076,24
B0005,29,1.802765665167823,0.971062688037682,24
B0005,30,1.804077040117352,0.9717690623092357,24
B0005,31,1.8518025516704488,0.9974764875349148,24
B0005,32,1.8307038456739428,0.9861116348782738,24
B0005,33,1.8199041089501269,0.9802943389447216,24
B0005,34,1.809307963702852,0.9745867078945716,24
B0005,35,1.80460990458052,0.9720560906279804,24
B0005,36,1.7993770651972192,0.9692374130950108,24
B0005,37,1.7884432335370462,0.9633478867036308,24
B0005,38,1.7829230484252725,0.9603744299218226,24
B0005,39,1.7730337158018288,0.9550475246530082,24
B0005,40,1.773037755078937,0.9550497004162604,24
B0005,41,1.7678721106662054,0.9522672175646096,24
B0005,42,1.762315070409309,0.9492739086983168,24
B0005,43,1.7676172924938447,0.9521299593373236,24
B0005,44,1.762668359743147,0.949464208578551,24
B0005,45,1.7517304870664143,0.9435725054869608,24
B0005,46,1.7418496047960008,0.9382501520146928,24
B0005,47,1.7360913511847138,0.9351484592444022,24
B0005,48,1.7936240148573608,0.9661385230754256,24
B0005,49,1.7831890223273277,0.960517697201241,24
B0005,50,1.7673642076278957,0.9519936347583844,24
B0005,51,1.7570177850353066,0.9464205172265512,24
B0005,52,1.7468706179837907,0.9409547290193552,24
B0005,53,1.7417172507457144,0.9381788592880078,24
B0005,54,1.7364225056478186,0.9353268361401416,24
B0005,55,1.7263217239235826,0.92988603346571,24
B0005,56,1.7158065389330133,0.9242220117908768,24
B0005,57,1.710533351135192,0.9213816005181208,24
B0005,58,1.706014499648521,0.9189475137389712,24
B0005,59,1.7003110272642588,0.91587532896664,24
B0005,60,1.6945798601797897,0.9127882263985314,24
B0005,61,1.6849029086609286,0.9075757205607076,24
B0005,62,1.6744741591159715,0.9019582574806932,24
B0005,63,1.6745692479879102,0.9020094772578232,24
B0005,64,1.663716375981405,0.8961635599169331,24
B0005,65,1.659013868748246,0.8936305466681351,24
B0005,66,1.6538540573335014,0.8908512057704356,24
B0005,67,1.642653782130131,0.8848181591266644,24
B0005,68,1.6378578430223698,0.8822348186450749,24
B0005,69,1.6327350407099108,0.8794754127611388,24
B0005,70,1.6277528915533617,0.8767917699307697,24
B0005,71,1.622125485521159,0.8737605584239755,24
B0005,72,1.6113256603765849,0.8679432148624368,24
B0005,73,1.6065631397488385,0.865377875300024,24
B0005,74,1.6015142233917594,0.8626582682073706,24
B0005,75,1.590369231400328,0.8566549999565575,24
B0005,76,1.5857889968242211,0.8541878490754121,24
B0005,77,1.5849430707374117,0.8537321895986371,24
B0005,78,1.5955263892495937,0.8594329115068512,24
B0005,79,1.5747301747801037,0.8482309964083233,24
B0005,80,1.5649019950937946,0.8429370312695895,24
B0005,81,1.5597659473370362,0.8401704907053152,24
B0005,82,1.5594815668184234,0.8400173086716404,24
B0005,83,1.55468935359061,0.8374359751414074,24
B0005,84,1.5488741079890418,0.8343035835418967,24
B0005,85,1.538236598942558,0.8285736718133293,24
B0005,86,1.527914258251028,0.8230135260370757,24
B0005,87,1.5285252629756445,0.8233426447360579,24
B0005,88,1.522647325284378,0.8201764839394089,24
B0005,89,1.5174859938489869,0.8173963242800902,24
B0005,90,1.605818899130659,0.8649769888680269,24
B0005,91,1.5638491446744425,0.8423699116610505,24
B0005,92,1.5480915247767786,0.8338820438085877,24
B0005,93,1.5323755631868592,0.8254166152720489,24
B0005,94,1.5269528268489705,0.8224956494324318,24
B0005,95,1.5169573017136326,0.817111543392579,24
B0005,96,1.511897596014269,0.8143861246029738,24
B0005,97,1.5065638960681105,0.8115131183620761,24
B0005,98,1.5015453526671363,0.8088098717121405,24
B0005,99,1.4908444050400238,0.8030457886878685,24
B0005,100,1.485868384561201,0.8003654470798279,24
B0005,101,1.480413677976106,0.7974272604140162,24
B0005,102,1.4752095869031632,0.7946240682056632,24
B0005,103,1.4859035988304024,0.800384415303801,24
B0005,104,1.4960918298136696,0.8058723226653156,24
B0005,105,1.4808005946928984,0.7976356737393389,24
B0005,106,1.4697543268466824,0.7916855834115801,24
B0005,107,1.4539012274845928,0.7831462853887026,24
B0005,108,1.454146206723569,0.7832782438583529,24
B0005,109,1.455023751906683,0.7837509350133122,24
B0005,110,1.449042163761236,0.7805289427291895,24
B0005,111,1.4386709371480566,0.7749424644709049,24
B0005,112,1.433445432156979,0.7721277376203589,24
B0005,113,1.4333958900838095,0.7721010517012334,24
B0005,114,1.42806487344776,0.7692294908297355,24
B0005,115,1.4229203181741186,0.7664583676775117,24
B0005,116,1.417429032731308,0.7635004777498813,24
B0005,117,1.412409228794446,0.7607965521102183,24
B0005,118,1.412578792940193,0.7608878881159706,24
B0005,119,1.4075983731469897,0.7582051768100097,24
B0005,120,1.4333920485221476,0.7720989824377315,24
B0005,121,1.4382550176792908,0.7747184287655713,24
B0005,122,1.4173547174485526,0.7634604477007024,24
B0005,123,1.406981663677643,0.757872985240904,24
B0005,124,1.4012037783587623,0.7547607178190571,24
B0005,125,1.3967008232726328,0.7523351936621818,24
B0005,126,1.391284788852726,0.749417837821699,24
B0005,127,1.3862287677978349,0.7466944037718939,24
B0005,128,1.3804366761974138,0.7435744841131501,24
B0005,129,1.3752364150256224,0.740773354887346,24
B0005,130,1.3705128024895008,0.7382289732324249,24
B0005,131,1.37050855662704,0.7382266861916331,24
B0005,132,1.3647355108681518,0.7351170256067291,24
B0005,133,1.375392016895762,0.7408571700903982,24
B0005,134,1.3861115151535393,0.746631245442362,24
B0005,135,1.369850003583894,0.7378719555127385,24
B0005,136,1.3647827949260758,0.7351424952422321,24
B0005,137,1.3543220466259964,0.7295077959801873,24
B0005,138,1.3546417018378962,0.7296799787853684,24
B0005,139,1.354703921319241,0.7297134934112404,24
B0005,140,1.349314997503458,0.7268107407422197,24
B0005,141,1.3441891937970554,0.7240497181525037,24
B0005,142,1.3389913790695755,0.7212499067079483,24
B0005,143,1.3389145230206971,0.7212085080709221,24
B0005,144,1.3340066759761655,0.7185648881952922,24
B0005,145,1.3286444309174914,0.7156765060826297,24
B0005,146,1.323170899227622,0.712728179243196,24
B0005,147,1.3181691588445197,0.7100339835664495,24
B0005,148,1.3184664436640334,0.7101941165230105,24
B0005,149,1.318293040102702,0.7101007124097442,24
B0005,150,1.323872422244268,0.7131060557689289,24
B0005,151,1.3601216766554785,0.7326317762261327,24
B0005,152,1.3395306867947354,0.7215404057003532,24
B0005,153,1.3290286565120697,0.7158834698305494,24
B0005,154,1.3236741274998955,0.7129992439790139,24
B0005,155,1.318633896753293,0.7102843154047167,24
B0005,156,1.3134751321324272,0.7075055383642602,24
B0005,157,1.3132020634442203,0.7073584494666222,24
B0005,158,1.3077959946944353,0.7044464616507271,24
B0005,159,1.3030329186405918,0.7018808229071345,24
B0005,160,1.3033573559038203,0.7020555815721221,24
B0005,161,1.3034100438655642,0.7020839620292979,24
B0005,162,1.2978870806495706,0.6991090088170862,24
B0005,163,1.2980735056918902,0.6992094269724849,24
B0005,164,1.293463613844243,0.6967263011532884,24
B0005,165,1.288003392619118,0.6937851440175623,24
B0005,166,1.2874525221379407,0.6934884167276276,24
B0005,167,1.3090153642307354,0.705103277055252,24
B0005,168,1.3250793286429356,0.7137561578838875,24
B0006,1,2.035337591005598,1.0,24
B0006,2,2.025140246031412,0.9949898508143076,24
B0006,3,2.013326371345464,0.9891854698908896,24
B0006,4,2.0132846655407413,0.9891649790372312,24
B0006,5,2.000528337624771,0.9828975529491258,24
B0006,6,2.0138990759931645,0.989466850557287,24
B0006,7,2.013101105626967,0.98907479256665,24
B0006,8,1.96878982627284,0.9673038197560736,24
B0006,9,1.9681661764334244,0.966997408749776,24
B0006,10,1.9572307917560536,0.9616246466459876,24
B0006,11,1.9455991514129352,0.9559098009149796,24
B0006,12,1.934750504484113,0.9505796547137972,24
B0006,13,1.9232799539368028,0.9449439554578114,24
B0006,14,1.911889930948487,0.939347820920401,24
B0006,15,1.9010667141979305,0.9340301690486008,24
B0006,16,1.8891989948061456,0.9281993331989462,24
B0006,17,1.878278372248849,0.922833824005014,24
B0006,18,1.8675697161520208,0.9175724579573612,24
B0006,19,1.8675892574453767,0.9175820589657848,24
B0006,20,1.979626548250818,0.9726281070025072,24
B0006,21,1.9575499080884025,0.9617814345585968,24
B0006,22,1.9458150170787551,0.956015859814876,24
B0006,23,1.9242461121680088,0.945418647339628,24
B0006,24,1.945981133142164,0.9560974757905956,24
B0006,25,1.901407930553079,0.9341978151219876,24
B0006,26,1.878674213680085,0.923028308415357,24
B0006,27,1.8683061328264217,0.9179342734506016,24
B0006,28,1.8560244070083,0.9119000283836428,24
B0006,29,1.8451997961855773,0.9065816915777204,24
B0006,30,1.857228890885317,0.9124918141799352,24
B0006,31,1.924776088909064,0.9456790349742868,24
B0006,32,1.8822317526092551,0.9247761948322796,24
B0006,33,1.855276687885587,0.9115326597829658,24
B0006,34,1.839250891718188,0.9036588818710268,24
B0006,35,1.8185396073994429,0.8934830346748316,24
B0006,36,1.8134770059567056,0.8909956824708977,24
B0006,37,1.7971018450305436,0.8829502550201761,24
B0006,38,1.7810046294120476,0.8750413873759919,24
B0006,39,1.7710130422682329,0.8701323309187394,24
B0006,40,1.7604712448170945,0.8649529456915791,24
B0006,41,1.7502913788006589,0.8599513842496731,24
B0006,42,1.7394925037732578,0.8546456919285944,24
B0006,43,1.7546766553637203,0.8621059538809914,24
B0006,44,1.7659390941842177,0.8676394038945261,24
B0006,45,1.7337887419624838,0.8518433254632082,24
B0006,46,1.713325912040734,0.8417895486292435,24
B0006,47,1.7024077813673466,0.8364252637451849,24
B0006,48,1.82371946178183,0.8960279954741002,24
B0006,49,1.8081284050314708,0.8883678132914206,24
B0006,50,1.7757610945034283,0.8724651391251901,24
B0006,51,1.7447409841836798,0.8572243699983239,24
B0006,52,1.729207034132373,0.8495922454210777,24
B0006,53,1.7081086552553244,0.8392262113192732,24
B0006,54,1.6975954237461768,0.8340608610817466,24
B0006,55,1.6820634524029463,0.8264297086813447,24
B0006,56,1.6714768322295086,0.821228301199745,24
B0006,57,1.6607591387047655,0.8159624948921792,24
B0006,58,1.651121015038069,0.8112271017518528,24
B0006,59,1.640134925619093,0.8058294274458678,24
B0006,60,1.629199941616544,0.8004568622012264,24
B0006,61,1.6088496302961666,0.7904583678923177,24
B0006,62,1.6035244898969248,0.7878420253146665,24
B0006,63,1.5989712144027983,0.7856049146190022,24
B0006,64,1.5876273123575604,0.780031440176547,24
B0006,65,1.5829719744686166,0.7777441842886215,24
B0006,66,1.567137636713563,0.7699644735295673,24
B0006,67,1.5613446139713882,0.7671182514739364,24
B0006,68,1.551171189279042,0.7621198547768461,24
B0006,69,1.5406741606295171,0.7569624653118686,24
B0006,70,1.5253138744624433,0.7494156650980108,24
B0006,71,1.5301570318067428,0.7517952002501654,24
B0006,72,1.524656683447409,0.7490927746753415,24
B0006,73,1.5145492986655429,0.7441268246400591,24
B0006,74,1.509391504602082,0.7415927024943012,24
B0006,75,1.5039974333050703,0.7389424928579004,24
B0006,76,1.4935201918040188,0.7337948251946333,24
B0006,77,1.4876323024497422,0.7309019933714036,24
B0006,78,1.5302876214401704,0.7518593614163546,24
B0006,79,1.5040760088360112,0.7389810985080334,24
B0006,80,1.4887593608730894,0.7314557385723608,24
B0006,81,1.4782779285546637,0.7263060118809538,24
B0006,82,1.478459982215684,0.7263954583009604,24
B0006,83,1.473214844899973,0.7238184227571322,24
B0006,84,1.4675164935067897,0.7210187145326269,24
B0006,85,1.4516292657521337,0.7132130179126344,24
B0006,86,1.4519237720967175,0.7133577144710261,24
B0006,87,1.4471484694777743,0.7110115176336829,24
B0006,88,1.4468538105659885,0.7108667461161282,24
B0006,89,1.4416741930284678,0.708321901683239,24
B0006,90,1.5935866593100128,0.7829593804744059,24
B0006,91,1.5463902376915637,0.759770882494014,24
B0006,92,1.51470559175661,0.7442036144029749,24
B0006,93,1.4989786083335404,0.7364766488653811,24
B0006,94,1.4831110745410492,0.7286806282628964,24
B0006,95,1.4729664825468278,0.7236963976177928,24
B0006,96,1.4627604396099307,0.7186819749578868,24
B0006,97,1.4518364681062514,0.7133148203630159,24
B0006,98,1.4468670644030392,0.7108732579778997,24
B0006,99,1.441380399427779,0.7081775553094546,24
B0006,100,1.431210744960774,0.7031810109956533,24
B0006,101,1.4260247179525716,0.7006330174681323,24
B0006,102,1.420487649966195,0.6979125508434085,24
B0006,103,1.4207006230355006,0.6980171885557206,24
B0006,104,1.452255804330839,0.7135208482113887,24
B0006,105,1.431557632772571,0.7033514435633659,24
B0006,106,1.415015751158943,0.6952241030736463,24
B0006,107,1.4097311506517451,0.6926276785146194,24
B0006,108,1.404917318129309,0.6902625512041874,24
B0006,109,1.395164296571563,0.6854707065486149,24
B0006,110,1.3945343832614077,0.6851612181802287,24
B0006,111,1.3893171179312644,0.6825978766720686,24
B0006,112,1.3838379472327809,0.6799058560840853,24
B0006,113,1.3736814238195123,0.674915763306282,24
B0006,114,1.3786059891863676,0.6773352957654757,24
B0006,115,1.3737600299108574,0.6749543839713218,24
B0006,116,1.3682580583942712,0.6722511609085237,24
B0006,117,1.3633024037317505,0.6698163536881292,24
B0006,118,1.35809661401726,0.6672586503678075,24
B0006,119,1.353269090999531,0.6648867966571198,24
B0006,120,1.3841605738237488,0.6800643686533974,24
B0006,121,1.4051467790651473,0.6903752897183545,24
B0006,122,1.378719022627353,0.6773908312410081,24
B0006,123,1.3682657783199066,0.6722549538545536,24
B0006,124,1.3573151296618016,0.6668746922672389,24
B0006,125,1.3524934638801596,0.6645057163278422,24
B0006,126,1.3474099151661236,0.6620080723318286,24
B0006,127,1.3370075130842318,0.656897174696045,24
B0006,128,1.3312352966718526,0.6540611751852576,24
B0006,129,1.3259303781727645,0.6514547680110713,24
B0006,130,1.321578743867529,0.6493167274597319,24
B0006,131,1.321225074066109,0.6491429627717592,24
B0006,132,1.3156485301862682,0.6464031008911139,24
B0006,133,1.3209025697502388,0.648984510278524,24
B0006,134,1.3474328767273906,0.6620193537828117,24
B0006,135,1.3260128072353616,0.6514952669744675,24
B0006,136,1.3101186784831065,0.643686179763337,24
B0006,137,1.30521620229393,0.6412775001365069,24
B0006,138,1.3004061951355774,0.6389142523000749,24
B0006,139,1.300235735841116,0.6388305024124815,24
B0006,140,1.2895066722480757,0.6335591097744969,24
B0006,141,1.279253057384795,0.6285213141239901,24
B0006,142,1.2792078171714618,0.6284990867482796,24
B0006,143,1.274036760902923,0.6259584486293798,24
B0006,144,1.2741273923001468,0.6260029775555019,24
B0006,145,1.263763942644078,0.6209112179860496,24
B0006,146,1.2581373688955233,0.618146775481072,24
B0006,147,1.253259864055301,0.6157503647520722,24
B0006,148,1.2532313315493426,0.6157363461901961,24
B0006,149,1.2480874960313575,0.6132090821428379,24
B0006,150,1.2534354284944844,0.6158366228941904,24
B0006,151,1.28980487732669,0.6337056235911394,24
B0006,152,1.2635402021758837,0.6208012900462411,24
B0006,153,1.2479761706842851,0.6131543858862737,24
B0006,154,1.2321202877943334,0.6053640895934027,24
B0006,155,1.2271137666213534,0.6029042906907026,24
B0006,156,1.2217397581377356,0.6002639382954212,24
B0006,157,1.211102678915174,0.5950377393250057,24
B0006,158,1.2056159765131735,0.5923420182680926,24
B0006,159,1.2008936262717274,0.5900218379391315,24
B0006,160,1.1905903985558337,0.5849596665522202,24
B0006,161,1.185179251041941,0.5823010670462684,24
B0006,162,1.1796706818144624,0.5795946024028492,24
B0006,163,1.1745952836753917,0.5771009629390572,24
B0006,164,1.15381833159625,0.5668928519254556,24
B0006,165,1.1644009557372264,0.5720922960804411,24
B0006,166,1.1587974947916069,0.5693392093343496,24
B0006,167,1.1749748834769171,0.5772874675283711,24
B0006,168,1.1856752327929356,0.582544752296905,24
B0007,1,1.89105229539079,1.0,24
B0007,2,1.880637027686859,0.9944923428456648,24
B0007,3,1.8806626717011388,0.9945059035569906,24
B0007,4,1.8807709009833444,0.9945631358622364,24
B0007,5,1.879450872828505,0.9938650969142622,24
B0007,6,1.8807003517117404,0.9945258289766596,24
B0007,7,1.8799352523566075,0.9941212397661984,24
B0007,8,1.88150881240388,0.9949533479268812,24
B0007,9,1.8696907870385844,0.9887039039563996,24
B0007,10,1.870052380139199,0.9888951165957832,24
B0007,11,1.8700442394188577,0.988890811733162,24
B0007,12,1.8596518987766364,0.9833952785490448,24
B0007,13,1.8590746560862208,0.9830900290898824,24
B0007,14,1.8590084577709232,0.983055023016566,24
B0007,15,1.8593622586957048,0.9832421151057928,24
B0007,16,1.8587355450601035,0.9829107051087616,24
B0007,17,1.847817291322145,0.977137065868551,24
B0007,18,1.8485252916137047,0.9775114607455648,24
B0007,19,1.848378951850034,0.9774340753850292,24
B0007,20,1.8807805437609768,0.9945682350219244,24
B0007,21,1.88147215974436,0.9949339657767368,24
B0007,22,1.8810954313244783,0.9947347494881128,24
B0007,23,1.8710089649779995,0.9894009644991608,24
B0007,24,1.8701995151941373,0.9889729225111972,24
B0007,25,1.8706715362800983,0.9892225301434724,24
B0007,26,1.8596124644020169,0.9833744254109716,24
B0007,27,1.860033909718346,0.9835972882674648,24
B0007,28,1.8591653109160768,0.9831379679174216,24
B0007,29,1.8481398178778288,0.9773076198804468,24
B0007,30,1.849201702126164,0.9778691507545128,24
B0007,31,1.8834677437950849,0.995989242807197,24
B0007,32,1.8628211117905844,0.9850711777410832,24
B0007,33,1.852085039652352,0.979393877243154,24
B0007,34,1.8469504648208708,0.9766786827220948,24
B0007,35,1.836828431169018,0.9713260895248976,24
B0007,36,1.837161961967228,0.97150246264743,24
B0007,37,1.8316722583718847,0.9685994738677316,24
B0007,38,1.8211470951317783,0.9630337032828774,24
B0007,39,1.816506091511515,0.960579512231908,24
B0007,40,1.811381560150456,0.9578696287593303,24
B0007,41,1.8116056333939583,0.9579881200586186,24
B0007,42,1.8060548955557405,0.9550528559986308,24
B0007,43,1.8132041826994056,0.9588334426916012,24
B0007,44,1.8062641938283528,0.9551635342031009,24
B0007,45,1.7958310249900458,0.9496464108196084,24
B0007,46,1.7858852600390451,0.9443870295876656,24
B0007,47,1.780326860450275,0.9414477139472056,24
B0007,48,1.8150756899575573,0.9598231071565728,24
B0007,49,1.815702515484584,0.960154576322473,24
B0007,50,1.800243217805667,0.9519796053200332,24
B0007,51,1.7904476205609308,0.946799633688042,24
B0007,52,1.780343032300132,0.9414562657201504,24
B0007,53,1.775328769596812,0.9388046929870528,24
B0007,54,1.770262973473285,0.936125869066702,24
B0007,55,1.760081061854204,0.9307416120348376,24
B0007,56,1.749647593537689,0.9252243302854406,24
B0007,57,1.749650075059311,0.9252256425292258,24
B0007,58,1.745028739214683,0.922781851918098,24
B0007,59,1.739645745528673,0.919935291989993,24
B0007,60,1.7285642277717963,0.9140753177397376,24
B0007,61,1.723900324588418,0.9116090172599748,24
B0007,62,1.7139788776485192,0.9063624955407812,24
B0007,63,1.7139701997004613,0.9063579065888634,24
B0007,64,1.7036521173638766,0.9009016416501656,24
B0007,65,1.7040137474382486,0.9010928738414982,24
B0007,66,1.6935716157343033,0.8955710108399318,24
B0007,67,1.6876577363877656,0.8924437153331117,24
B0007,68,1.6830744356583152,0.8900200379231206,24
B0007,69,1.6779270142025482,0.8872980500287017,24
B0007,70,1.6732060275966172,0.884801563486559,24
B0007,71,1.6674367208253988,0.8817507188402843,24
B0007,72,1.6622662630667526,0.8790165492082501,24
B0007,73,1.6574243065763063,0.87645609305257,24
B0007,74,1.652538684928734,0.8738725464951953,24
B0007,75,1.6472174627573322,0.8710586517211737,24
B0007,76,1.6364136810898071,0.8653455460107404,24
B0007,77,1.6362554312048496,0.8652618625053486,24
B0007,78,1.641119179218384,0.8678338421514901,24
B0007,79,1.6315700789656966,0.8627842196339309,24
B0007,80,1.621213282987236,0.8573074826850354,24
B0007,81,1.6164273214762122,0.8547766370163623,24
B0007,82,1.615823510161921,0.8544573379066747,24
B0007,83,1.61672418029789,0.8549336177737964,24
B0007,84,1.6108655863730026,0.851835557535501,24
B0007,85,1.6006603374309376,0.8464389595847521,24
B0007,86,1.5959174487005665,0.8439308910654778,24
B0007,87,1.5962179519462243,0.8440897990165642,24
B0007,88,1.5958065114633972,0.8438722267771133,24
B0007,89,1.5906507821480704,0.8411458456358337,24
B0007,90,1.6888211161855506,0.893058917673428,24
B0007,91,1.6259938279733204,0.8598354640622486,24
B0007,92,1.6157433862812898,0.8544149679093845,24
B0007,93,1.6056626764846538,0.8490842270191371,24
B0007,94,1.5949746921524348,0.8434323556466374,24
B0007,95,1.5904102438871943,0.841018647534828,24
B0007,96,1.5853517062988178,0.8383436619721834,24
B0007,97,1.5799737147242376,0.8354997471911441,24
B0007,98,1.5752185465278068,0.8329851852152426,24
B0007,99,1.569798484648868,0.8301190234003898,24
B0007,100,1.5702565375950357,0.830361244595057,24
B0007,101,1.565249873909438,0.8277136902689282,24
B0007,102,1.559633933561147,0.8247439467235069,24
B0007,103,1.5649820533392105,0.8275720651161599,24
B0007,104,1.57497949984227,0.8328587758683834,24
B0007,105,1.5652811168780458,0.8277302117414882,24
B0007,106,1.559755497470126,0.8248082304608076,24
B0007,107,1.549897685670499,0.8195953593923267,24
B0007,108,1.543877153134502,0.8164116650277281,24
B0007,109,1.5450187488690073,0.8170153478223752,24
B0007,110,1.5445940154102908,0.816790746176111,24
B0007,111,1.5343086721758876,0.8113517938745419,24
B0007,112,1.5287603942958483,0.8084178306554588,24
B0007,113,1.5289260249179843,0.8085054171397351,24
B0007,114,1.529091650133123,0.8085930007647584,24
B0007,115,1.5239059324661248,0.8058507616000151,24
B0007,116,1.5186675419100617,0.8030806686899294,24
B0007,117,1.5136482266426952,0.8004264241301146,24
B0007,118,1.5136050185229033,0.8004035754125528,24
B0007,119,1.5139470614867965,0.8005844498202711,24
B0007,120,1.5339599193158786,0.8111673712327889,24
B0007,121,1.5391372798653098,0.8139051911027366,24
B0007,122,1.5236247972838737,0.8057020955991137,24
B0007,123,1.5135813035589147,0.8003910347947992,24
B0007,124,1.5077850749847914,0.797325953734772,24
B0007,125,1.5031960676037333,0.7948992586125676,24
B0007,126,1.497822059699588,0.7920574504207774,24
B0007,127,1.492848534633516,0.7894274199989884,24
B0007,128,1.492414389867026,0.7891978415957107,24
B0007,129,1.487482776538081,0.7865899743564149,24
B0007,130,1.482535148640411,0.783973638515397,24
B0007,131,1.4827874322228984,0.7841070476141841,24
B0007,132,1.476971179775059,0.7810313778074761,24
B0007,133,1.4819015554137276,0.7836385905485969,24
B0007,134,1.4981366198874824,0.792223791768746,24
B0007,135,1.4820775214392872,0.7837316424573085,24
B0007,136,1.4771155312812152,0.7811077117652985,24
B0007,137,1.4720772783056488,0.7784434528297595,24
B0007,138,1.472248013656454,0.778533738725724,24
B0007,139,1.4670106672274663,0.775764197956411,24
B0007,140,1.461767249533538,0.7729914466651282,24
B0007,141,1.4566952670489708,0.7703093513592872,24
B0007,142,1.451354972758956,0.7674853711324945,24
B0007,143,1.451615926257375,0.7676233649357621,24
B0007,144,1.4468161332173683,0.7650852050701119,24
B0007,145,1.4467570607768785,0.7650539672029023,24
B0007,146,1.4413797481446793,0.7622104114507394,24
B0007,147,1.4362456252208178,0.7594954559011889,24
B0007,148,1.4368154153924828,0.759796764422933,24
B0007,149,1.4362945145860049,0.7595213088960036,24
B0007,150,1.4418575315878015,0.7624630662526647,24
B0007,151,1.4672063484781797,0.7758676753965592,24
B0007,152,1.4518640367848883,0.7677545672975995,24
B0007,153,1.44713797527485,0.7652553971151792,24
B0007,154,1.441790586562399,0.7624276653144856,24
B0007,155,1.431630947911111,0.7570551863639823,24
B0007,156,1.4318084249673686,0.7571490373149529,24
B0007,157,1.4262562585106868,0.7542130177927987,24
B0007,158,1.4260877528924911,0.7541239109930522,24
B0007,159,1.4212633510031694,0.7515727378176299,24
B0007,160,1.4163272748795108,0.7489625106252409,24
B0007,161,1.4165781829175994,0.7490951923277513,24
B0007,162,1.4108401729425175,0.7460608976183625,24
B0007,163,1.4109949628347804,0.7461427514584917,24
B0007,164,1.40617142903988,0.7435920373366997,24
B0007,165,1.4063358479692922,0.7436789830704655,24
B0007,166,1.4004552399066514,0.7405692816217144,24
B0007,167,1.4217865046055154,0.7518493846367692,24
B0007,168,1.4324552720625434,0.7574910940083355,24
B0018,1,1.8550045207910817,1.0,24
B0018,2,1.8431955317089987,0.993633983664338,24
B0018,3,1.8396018424355425,0.9916966895859798,24
B0018,4,1.8306736044962053,0.9868836350412232,24
B0018,5,1.8327002069419656,0.9879761404357094,24
B0018,6,1.8285288846046388,0.9857274546289774,24
B0018,7,1.8212011895697924,0.9817772243450524,24
B0018,8,1.815170010643328,0.9785259228744272,24
B0018,9,1.8042980520967649,0.9726650430627024,24
B0018,10,1.8231002302844224,0.9828009634752516,24
B0018,11,1.8121253520255487,0.9768846014740458,24
B0018,12,1.8046916382117768,0.9728772183488542,24
B0018,13,1.790844349786295,0.9654123910288772,24
B0018,14,1.783470722841926,0.9614373996680884,24
B0018,15,1.7809386125310702,0.9600723839592448,24
B0018,16,1.771209039672698,0.9548273439880092,24
B0018,17,1.7686303996707076,0.9534372449488484,24
B0018,18,1.7536304801917124,0.945351054693852,24
B0018,19,1.7462197416415093,0.9413560571253056,24
B0018,20,1.7376647337053737,0.9367442042482638,24
B0018,21,1.7315166735475835,0.933429894181155,24
B0018,22,1.7085949894470602,0.9210732212762566,24
B0018,23,1.711469957068211,0.9226230652733616,24
B0018,24,1.7075021373272627,0.9204840841029782,24
B0018,25,1.7492382064360228,0.9429832579006578,24
B0018,26,1.7327697147429957,0.934105386440806,24
B0018,27,1.7222313328292376,0.9284243318688938,24
B0018,28,1.711846298984729,0.9228259445182906,24
B0018,29,1.699267835126687,0.916045117993578,24
B0018,30,1.6940366439243106,0.9132250757005568,24
B0018,31,1.6819027078768087,0.9066838862255427,24
B0018,32,1.6769770618433686,0.9040285579078848,24
B0018,33,1.6655229306478936,0.8978538391580942,24
B0018,34,1.6571924575832084,0.8933630290434469,24
B0018,35,1.6482241555294048,0.8885283766459535,24
B0018,36,1.6387701497987262,0.8834318900203323,24
B0018,37,1.6276486907262062,0.8774365089051547,24
B0018,38,1.62215370227252,0.8744742581978935,24
B0018,39,1.6140066510467586,0.8700823275398015,24
B0018,40,1.6760516154424625,0.903529666185232,24
B0018,41,1.649300642552199,0.8891086916860135,24
B0018,42,1.63238299185809,0.8799886865838726,24
B0018,43,1.6164159719025777,0.8713811496336645,24
B0018,44,1.6109028378249377,0.8684091169427205,24
B0018,45,1.5954638693695655,0.8600862431802414,24
B0018,46,1.726707440085764,0.930837321813855,24
B0018,47,1.7165673917429751,0.925371001797306,24
B0018,48,1.6958235570934848,0.914188368861919,24
B0018,49,1.6777783190792557,0.9044605014567584,24
B0018,50,1.6606586897774192,0.895231613273491,24
B0018,51,1.6664109274827466,0.8983325424846361,24
B0018,52,1.6468336174407805,0.8877787622525443,24
B0018,53,1.6257639928779952,0.8764205017595725,24
B0018,54,1.6121577411874597,0.8690856130635962,24
B0018,55,1.6057366823755344,0.8656241342693628,24
B0018,56,1.673645314879889,0.90223247227783,24
B0018,57,1.6404348572349936,0.8843293042409497,24
B0018,58,1.6132653317422077,0.8696826954654632,24
B0018,59,1.5920964324686278,0.8582709177386076,24
B0018,60,1.5866011820698824,0.855308525821416,24
B0018,61,1.580076649033625,0.8517912659101168,24
B0018,62,1.5641732953289167,0.8432180503052695,24
B0018,63,1.555618272193922,0.8386061892347928,24
B0018,64,1.5402045278637395,0.8302969133503281,24
B0018,65,1.5321613015959863,0.8259609528835993,24
B0018,66,1.5316232403693415,0.8256708936300426,24
B0018,67,1.5222595950771978,0.8206231187124103,24
B0018,68,1.5065267126851285,0.812141801165346,24
B0018,69,1.5014219556532926,0.8093899172887186,24
B0018,70,1.4963534117486457,0.8066575552659644,24
B0018,71,1.5334262000312422,0.826642837170715,24
B0018,72,1.523845267514426,0.8214779265683784,24
B0018,73,1.501192099426124,0.8092660058779417,24
B0018,74,1.492417671450291,0.8045358675534857,24
B0018,75,1.483323851940123,0.799633550923934,24
B0018,76,1.4807376792294196,0.7982393911352555,24
B0018,77,1.4735077809902477,0.7943418813674149,24
B0018,78,1.46801928526661,0.7913831307756389,24
B0018,79,1.458092355711902,0.786031699313642,24
B0018,80,1.44786609888914,0.7805189058362434,24
B0018,81,1.4527808777541982,0.7831683758563823,24
B0018,82,1.4425356364492432,0.7776453481817188,24
B0018,83,1.4392712877203313,0.7758855957432074,24
B0018,84,1.4286475681888218,0.7701585371768062,24
B0018,85,1.4249026750004896,0.7681397317526905,24
B0018,86,1.4698115324524124,0.7923492994106556,24
B0018,87,1.4525819651050202,0.7830611455790711,24
B0018,88,1.442834198908794,0.7778062979024363,24
B0018,89,1.428376058807949,0.7700121712904541,24
B0018,90,1.4154547844370715,0.7630465417051595,24
B0018,91,1.454576670077708,0.7841364556121901,24
B0018,92,1.4283179548274056,0.7699808484662279,24
B0018,93,1.4197026883204058,0.7653365112635747,24
B0018,94,1.4155606630306516,0.7631036189749955,24
B0018,95,1.405680035419228,0.7577771480684934,24
B0018,96,1.4084461071166137,0.759268288206635,24
B0018,97,1.3968547782872414,0.7530196086484692,24
B0018,98,1.3935670371440676,0.751247245774781,24
B0018,99,1.3893644292809475,0.7489816944965945,24
B0018,100,1.378565141566671,0.7431599902402237,24
B0018,101,1.384901110085747,0.7465755983684312,24
B0018,102,1.3703251814242443,0.7387179740348331,24
B0018,103,1.3733464385229082,0.7403466800917733,24
B0018,104,1.3679487285504814,0.7374368704864981,24
B0018,105,1.3567141087089647,0.7313804864100185,24
B0018,106,1.4604310209194575,0.7872924322020762,24
B0018,107,1.4500998937104097,0.7817231049614924,24
B0018,108,1.4381406901824496,0.7752761106852413,24
B0018,109,1.4283681980964316,0.7700079337204485,24
B0018,110,1.4147874517552432,0.7626867945054364,24
B0018,111,1.413889163393182,0.7622025431993112,24
B0018,112,1.3989331662177225,0.7541400306782735,24
B0018,113,1.3953322584033976,0.7521988452127043,24
B0018,114,1.390046129540245,0.7493491870022229,24
B0018,115,1.3860271454209647,0.747182624023947,24
B0018,116,1.388215260193751,0.7483621978461461,24
B0018,117,1.3761826562394497,0.7418756347033405,24
B0018,118,1.3647168898640163,0.7356946436346267,24
B0018,119,1.3589854739373584,0.7326049390746541,24
B0018,120,1.34623087640088,0.7257291620112973,24
B0018,121,1.4268427818454643,0.7691856089045949,24
B0018,122,1.4064481483279665,0.7581912240991064,24
B0018,123,1.3934907492075153,0.7512061203027418,24
B0018,124,1.3882493512249316,0.7483805757157408,24
B0018,125,1.3701878338420928,0.7386439323920165,24
B0018,126,1.379695166560862,0.7437691666500521,24
B0018,127,1.3686586323935683,0.7378195670433692,24
B0018,128,1.3627371779096438,0.7346274160714679,24
B0018,129,1.3634051133928071,0.7349874882306874,24
B0018,130,1.3518646035305233,0.7287662042753458,24
B0018,131,1.3547969729652622,0.7303469925709389,24
B0018,132,1.341051440640485,0.7229370201580871,24
B0045,1,1.0819793880779518,1.0,4
B0045,2,0.927952404748273,0.8576433294137931,4
B0045,3,0.885193608411576,0.8181242805226173,4
B0045,4,0.8581010699478283,0.7930844888571998,4
B0045,5,0.8409352213456689,0.7772192618562926,4
B0045,6,0.8245471942901911,0.7620729224379514,4
B0045,7,0.7935960418803983,0.7334668761945244,4
B0045,8,0.8183676087159205,0.756361551553846,4
B0045,9,0.7977644276409412,0.7373194318036915,4
B0045,10,0.7993777411831636,0.7388105078445099,4
B0045,11,0.7783107440628891,0.7193397144519498,4
B0045,12,0.7803738231239117,0.72124647818863,4
B0045,13,0.7713058245640294,0.7128655435240696,4
B0045,14,0.795279016979026,0.7350223356766291,4
B0045,15,0.7824128169919247,0.7231309816186214,4
B0045,16,0.7649414992231182,0.7069834302314894,4
B0045,17,0.7544899426779375,0.6973237669695607,4
B0045,18,0.7504048978314295,0.6935482377020717,4
B0045,19,0.7407258109620256,0.6846025156522294,4
B0045,20,0.7308525593793626,0.6754773403564208,4
B0045,21,0.7287255851177903,0.673511522629199,4
B0045,22,0.7161023377036263,0.661844713119465,4
B0045,23,0.7129204834988017,0.6589039415669894,4
B0045,24,0.7141991829499618,0.6600857565490951,4
B0045,25,0.7190570819844222,0.6645755824071367,4
B0045,26,0.7173975428775917,0.6630417832191702,4
B0045,27,0.7071027496463946,0.6535270056322469,4
B0045,28,0.703531206505542,0.6502260710856127,4
B0045,29,0.6941108278958862,0.6415194554943578,4
B0045,30,0.6914114388869608,0.6390245937265006,4
B0045,31,0.6971551798505504,0.6443331430638339,4
B0045,32,0.6832460217432723,0.631477853711246,4
B0045,33,0.6822029317493292,0.6305137965347076,4
B0045,34,0.7289529213213379,0.6737216340287807,4
B0045,35,0.7139321758287004,0.6598389800169324,4
B0045,36,0.6957731747455482,0.6430558496881651,4
B0045,37,0.7018312962317095,0.6486549595722481,4
B0045,38,0.6911808244378487,0.6388114524673849,4
B0045,39,0.6843279752855028,0.632477829823686,4
B0045,40,0.6741394908812485,0.6230613062590797,4
B0045,41,0.6670070174301739,0.6164692458837479,4
B0045,42,0.6804085117374855,0.6288553360948731,4
B0045,43,0.6617864063235485,0.6116441899130427,4
B0045,44,0.6623168733492338,0.6121344645259701,4
B0045,45,0.6679358357181778,0.6173276894901958,4
B0045,46,0.6488990885270688,0.5997333180993264,4
B0045,47,0.6503639129625527,0.6010871557524503,4
B0045,48,0.6572077690202801,0.607412466690106,4
B0045,49,0.6363517458476216,0.5881366621762071,4
B0045,50,0.6536449360948587,0.6041195824035112,4
B0045,51,0.6391428272150887,0.5907162689582044,4
B0045,52,0.6482206049496236,0.599106241849149,4
B0045,53,0.6287957471922729,0.5811531662440237,4
B0045,54,0.6380571850193401,0.5897128836740565,4
B0045,55,0.6554825047832906,0.6058179222320509,4
B0045,56,0.6484934835397033,0.5993584449808227,4
B0045,57,0.6454071687844921,0.5965059740472555,4
B0045,58,0.6427008031845645,0.594004664290574,4
B0045,59,0.6352454880802477,0.5871142233205658,4
B0045,60,0.6156760019587869,0.5690274775497204,4
B0045,61,0.6170833682807023,0.5703282105742334,4
B0045,62,0.6434227390858672,0.5946719005699871,4
B0045,63,0.6278124433742752,0.5802443653658993,4
B0045,64,0.6290078315253372,0.5813491813764755,4
B0045,65,0.6266355568292261,0.5791566491320995,4
B0045,66,0.6495813516716594,0.6003638875464973,4
B0045,67,0.6337485177966306,0.5857306754451517,4
B0045,68,0.6298550929085645,0.5821322474797331,4
B0045,69,0.6183063778386736,0.571458555173629,4
B0045,70,0.6069476168507777,0.5609604245132347,4
B0046,1,1.7282392323598248,1.0,4
B0046,2,1.5161488467923143,0.8772794983493625,4
B0046,3,1.503121190703977,0.869741389131376,4
B0046,4,1.48586566102824,0.8597569324932892,4
B0046,5,1.4694562316392716,0.8502620494460146,4
B0046,6,1.458955459264481,0.8441860547699462,4
B0046,7,1.4556853555098297,0.8422938955749567,4
B0046,8,1.456232262380321,0.8426103487952349,4
B0046,9,1.4440592236675138,0.8355667413565903,4
B0046,10,1.428294264765868,0.8264447641404387,4
B0046,11,1.4199848948034668,0.821636766609301,4
B0046,12,1.4043226018516568,0.812574194334267,4
B0046,13,1.4234351301615986,0.8236331542005146,4
B0046,14,1.4339948857967295,0.8297432779828061,4
B0046,15,1.4185177047756572,0.820787815838865,4
B0046,16,1.4056313337829422,0.8133314575110198,4
B0046,17,1.3890214025155618,0.8037205593457811,4
B0046,18,1.3723339082737365,0.7940647814133248,4
B0046,19,1.3615778905990563,0.7878410957838802,4
B0046,20,1.4100282016237429,0.8158755889937873,4
B0046,21,1.3395671374926488,0.7751051546628394,4
B0046,22,1.3291515487117478,0.7690784492242184,4
B0046,23,1.3181687033905718,0.7627235157662043,4
B0046,24,1.312423708466101,0.7593993261419322,4
B0046,25,1.2993237532162487,0.751819382923096,4
B0046,26,1.2877483042174591,0.7451215549939245,4
B0046,27,1.2865282739749122,0.744415616707313,4
B0046,28,1.2719636386987183,0.7359881750641172,4
B0046,29,1.2714495345417192,0.7356907022678904,4
B0046,30,1.2615423884659074,0.7299581937758316,4
B0046,31,1.2421201619204132,0.7187200352027421,4
B0046,32,1.2402537441669796,0.7176400818499385,4
B0046,33,1.2851130012242886,0.7435967064985156,4
B0046,34,1.3043327841699193,0.7547177264277919,4
B0046,35,1.2778639041619957,0.7394022078859627,4
B0046,36,1.272346459165154,0.7362096840191669,4
B0046,37,1.2477883952768762,0.7219998087724714,4
B0046,38,1.2352499196655526,0.7147447509213642,4
B0046,39,1.229251291851949,0.7112738033226265,4
B0046,40,1.223890910501634,0.7081721601878415,4
B0046,41,1.205423323571373,0.6974863786221467,4
B0046,42,1.1957824090008151,0.6919079179611226,4
B0046,43,1.190072949669846,0.688604290069761,4
B0046,44,1.179201763233652,0.682313965077341,4
B0046,45,1.169504032514554,0.6767026292521171,4
B0046,46,1.16772376849918,0.6756725264850695,4
B0046,47,1.1579256145829042,0.6700030834283367,4
B0046,48,1.1499812813376982,0.6654063047553063,4
B0046,49,1.150285902223034,0.665582565587506,4
B0046,50,1.1349452274085248,0.6567060891557319,4
B0046,51,1.1380960963513609,0.6585292562750975,4
B0046,52,1.123711172150547,0.6502057997006441,4
B0046,53,1.214119211354098,0.7025180244845376,4
B0046,54,1.211944797522819,0.7012598573335063,4
B0046,55,1.1971248679331925,0.6926846963765415,4
B0046,56,1.1822892151870987,0.6841004376302356,4
B0046,57,1.1645336676778395,0.6738266588750718,4
B0046,58,1.1535559567518647,0.6674746962992741,4
B0046,59,1.1601987101282063,0.6713183501476312,4
B0046,60,1.1711716308206082,0.6776675409812515,4
B0046,61,1.1563410270783216,0.6690862037076866,4
B0046,62,1.141082456193516,0.660257234546993,4
B0046,63,1.1352383596118123,0.6568757023654074,4
B0046,64,1.2530847858282803,0.7250644253210565,4
B0046,65,1.2050453590356518,0.6972676794231909,4
B0046,66,1.19119860196273,0.6892556190477215,4
B0046,67,1.17463817374538,0.6796733645153222,4
B0046,68,1.1555432048235512,0.6686245649253746,4
B0046,69,1.1538041170229467,0.6676182876878015,4
B0047,1,1.6743047446975208,1.0,4
B0047,2,1.5243662105099025,0.9104472858585216,4
B0047,3,1.5080762969973425,0.9007179259172385,4
B0047,4,1.4835577960067696,0.8860739364832826,4
B0047,5,1.4671391666146525,0.8762676993307483,4
B0047,6,1.448858156982267,0.8653491316743638,4
B0047,7,1.4458534180949325,0.8635545128053375,4
B0047,8,1.431118266178283,0.8547537541839961,4
B0047,9,1.419274551657853,0.8476799436617847,4
B0047,10,1.3999974221808271,0.8361664306420813,4
B0047,11,1.3885156686114437,0.8293088059439815,4
B0047,12,1.3652234669528964,0.8153972395267488,4
B0047,13,1.4060442272970963,0.8397779626140351,4
B0047,14,1.405754161352578,0.8396047170054104,4
B0047,15,1.3867662881727878,0.8282639660220997,4
B0047,16,1.3705053061420225,0.8185518857796807,4
B0047,17,1.34974311148236,0.8061513985174807,4
B0047,18,1.3251533367939785,0.7914648399526456,4
B0047,19,1.3111943869635805,0.7831276779905801,4
B0047,20,1.3394234405932892,0.7999878426165894,4
B0047,21,1.2849157142560723,0.7674324034052742,4
B0047,22,1.281719159327807,0.7655232199436679,4
B0047,23,1.2600051642942829,0.7525542576909527,4
B0047,24,1.266070385993126,0.7561767892032425,4
B0047,25,1.2413590294280803,0.7414176143019554,4
B0047,26,1.2298873703485311,0.7345660186674811,4
B0047,27,1.228088614506696,0.7334916886522722,4
B0047,28,1.2139857189070042,0.7250685532318206,4
B0047,29,1.2173435064564189,0.7270740349459761,4
B0047,30,1.2073445944515917,0.7211020564059323,4
B0047,31,1.18804049227045,0.7095724335924766,4
B0047,32,1.186304749886542,0.7085357391738499,4
B0047,33,1.2613935471028506,0.7533834871445302,4
B0047,34,1.2648246158850651,0.755432737015607,4
B0047,35,1.24664945489822,0.7445773888214354,4
B0047,36,1.2333924152795082,0.7366594517429575,4
B0047,37,1.2129250072037692,0.7244350295518608,4
B0047,38,1.1999106597943647,0.7166620435105678,4
B0047,39,1.1902559038393383,0.7108956165888245,4
B0047,40,1.1892563795455853,0.7102986378745739,4
B0047,41,1.167069685125939,0.6970473498459693,4
B0047,42,1.1615348403090369,0.69374159273429,4
B0047,43,1.1555563844349988,0.6901708832245835,4
B0047,44,1.1488524666097713,0.686166882252563,4
B0047,45,1.143572986788779,0.6830136451625336,4
B0047,46,1.1418015379428537,0.6819556246011421,4
B0047,47,1.136058647502255,0.6785256095702547,4
B0047,48,1.1236364680969286,0.6711063034704141,4
B0047,49,1.1320498900328944,0.6761313277156185,4
B0047,50,1.117010176215815,0.6671486655899155,4
B0047,51,1.120043039721982,0.6689600822485446,4
B0047,52,1.1059773445917065,0.6605591652859539,4
B0047,53,1.1907902374762016,0.7112147542121009,4
B0047,54,1.2012387088454022,0.7174552378530215,4
B0047,55,1.1906909549024802,0.7111554564205633,4
B0047,56,1.1764375730308343,0.7026424411425586,4
B0047,57,1.1628110372792353,0.6945038177558939,4
B0047,58,1.1516152840582583,0.6878170104369552,4
B0047,59,1.1583673498348623,0.6918497683909584,4
B0047,60,1.1692285288386206,0.6983367469640976,4
B0047,61,1.1588148476218465,0.6921170421882771,4
B0047,62,1.1439588147705455,0.683244085877098,4
B0047,63,1.1383941068159398,0.6799204926231046,4
B0047,64,1.2213102850395667,0.7294432443719845,4
B0047,65,1.2031062978889062,0.718570679381464,4
B0047,66,1.1897147112197684,0.7105723823500851,4
B0047,67,1.177422568842014,0.7032307425341058,4
B0047,68,1.158443027293818,0.6918949677247088,4
B0047,69,1.1567087516841796,0.6908591493558421,4
B0048,1,1.6579955793677608,1.0,4
B0048,2,1.5076933476098775,0.9093470250293444,4
B0048,3,1.4989223343608031,0.9040568943690328,4
B0048,4,1.4782919502497789,0.8916139274710806,4
B0048,5,1.461856891390611,0.8817013203063286,4
B0048,6,1.4509592706473475,0.8751285520318686,4
B0048,7,1.451746997147108,0.8756036597520356,4
B0048,8,1.444392866287476,0.871168104584611,4
B0048,9,1.432738323965376,0.8641388082058207,4
B0048,10,1.417241201438662,0.8547919060068272,4
B0048,11,1.4057559944573452,0.8478647421927377,4
B0048,12,1.3902706269897065,0.8385249299155881,4
B0048,13,1.4196659307880326,0.8562543522156978,4
B0048,14,1.4190563985232272,0.8558867201952084,4
B0048,15,1.404272356704056,0.8469699040087572,4
B0048,16,1.3916140490958342,0.8393351987262203,4
B0048,17,1.3749618350294734,0.829291617022154,4
B0048,18,1.3545155713071164,0.8169597001118847,4
B0048,19,1.3440223073315984,0.8106308147360146,4
B0048,20,1.372384475860572,0.827737113981872,4
B0048,21,1.318410575267441,0.7951834080101633,4
B0048,22,1.3112727599578604,0.7908783209529936,4
B0048,23,1.2970172419001187,0.7822802774870528,4
B0048,24,1.2995219526631718,0.783790963519164,4
B0048,25,1.2826154066729571,0.7735939845883386,4
B0048,26,1.2752890152407,0.7691751601213573,4
B0048,27,1.2735572473264072,0.7681306652289445,4
B0048,28,1.2594114333938535,0.759598788480547,4
B0048,29,1.2631632585495876,0.7618616564896189,4
B0048,30,1.2491717310136363,0.753422835717077,4
B0048,31,1.233984347835307,0.7442627490634559,4
B0048,32,1.240031992028868,0.7479103125846248,4
B0048,33,1.30370857198071,0.7863160723732748,4
B0048,34,1.315055963470538,0.7931601144389089,4
B0048,35,1.2888738300982074,0.7773686770562382,4
B0048,36,1.2877137595885193,0.7766689945455463,4
B0048,37,1.2673379985315465,0.764379600466014,4
B0048,38,1.250594345697306,0.7542808685739633,4
B0048,39,1.2487131179395878,0.7531462287829238,4
B0048,40,1.248002326082933,0.7527175232631383,4
B0048,41,1.2300895244599586,0.7419136334060827,4
B0048,42,1.2244197121500937,0.7384939546201917,4
B0048,43,1.2186682845116386,0.7350250505350263,4
B0048,44,1.2037865236033616,0.7260492962607286,4
B0048,45,1.1947642300832226,0.7206076089411644,4
B0048,46,1.2052091893871495,0.7269073599380337,4
B0048,47,1.1955746593628465,0.7210964095686865,4
B0048,48,1.1888497102149884,0.7170403377482644,4
B0048,49,1.1915605250807406,0.7186753329795459,4
B0048,50,1.1726587153109655,0.7072749348090135,4
B0048,51,1.1841133872494156,0.7141836817809554,4
B0048,52,1.1576825122317769,0.6982422188804828,4
B0048,53,1.259355851168598,0.7595652647329886,4
B0048,54,1.265883375278026,0.7635022620269846,4
B0048,55,1.247259867318412,0.7522697182305073,4
B0048,56,1.232808747256218,0.7435536997790559,4
B0048,57,1.2319592783041904,0.7430413528448431,4
B0048,58,1.220785786262778,0.7363021961302799,4
B0048,59,1.2275441303266783,0.7403784096907994,4
B0048,60,1.2386788414290355,0.7470941761505647,4
B0048,61,1.2283577755407058,0.7408691499702987,4
B0048,62,1.2095481507570451,0.7295243520602624,4
B0048,63,1.2082142070681048,0.7287198000424283,4
B0048,64,1.2998734542832149,0.7840029674740703,4
B0048,65,1.2691220651743778,0.7654556387046152,4
B0048,66,1.2555144634690785,0.757248378157824,4
B0048,67,1.2519876926897655,0.75512124897654,4
B0048,68,1.2374982003019996,0.7463820867205759,4
B0048,69,1.2231273969878986,0.7377145103452633,4
