t,V,current_A,omega_rad_s,energy_J
0.0,10.0,0.0,0.0,0.0
0.0050062578222778474,10.0,0.0995961128330321,0.012160697537610758,0.0024805858356855216
0.010012515644555695,10.0,0.19808065010215678,0.04791313757670045,0.009820464329985484
0.015018773466833543,10.0,0.29535074517265797,0.10582109120846293,0.021864006185233837
0.02002503128911139,10.0,0.39131159595338605,0.18449433963858,0.03845138208868989
0.025031289111389236,10.0,0.48587615614723845,0.2825883587161371,0.05941819068051331
0.030037546933667086,10.0,0.5789648312970167,0.3988039440589699,0.0845952918986807
0.03504380475594493,10.0,0.6705051798645787,0.5318867808767973,0.11380881679466516
0.04005006257822278,10.0,0.7604316195587664,0.6806269624485466,0.14688032731625178
0.04505632040050063,10.0,0.8486851391060873,0.8438584610670369,0.18362710184645184
0.05006257822277847,10.0,0.9352130156375588,1.0204585551228158,0.2238625244680909
0.05506883604505632,10.0,1.0199685378454477,1.2093472158595535,0.2673965579911814
0.06007509386733417,10.0,1.1029107350448564,1.4094864571961203,0.31403628273439266
0.06508135168961202,10.0,1.1840041122571827,1.6198796518754353,0.3635864848932802
0.07008760951188986,10.0,1.2632183914154103,1.8395708170674276,0.4158502800575648
0.07509386733416772,10.0,1.3405282587749316,2.067643872423151,0.47062975905938254
0.08010012515644556,10.0,1.4159131185981642,2.30322187344926,0.5277266448462703
0.0851063829787234,10.0,1.4893568531665609,2.5454662229468203,0.586942950479366
0.09011264080100126,10.0,1.5608475891597147,2.7935758631357768,0.6480816296618974
0.0951188986232791,10.0,1.6303774704281053,3.0467864509664855,0.7109472124088517
0.10012515644555695,10.0,1.697942437173606,3.3043695190025195,0.7753464195793259
0.1051314142678348,10.0,1.7635420115401281,3.565631624144489,0.8410887510122467
0.11013767209011265,10.0,1.827179089605737,3.829913486353045,0.907987042937857
0.11514392991239049,10.0,1.888859739757178,4.096589119420407,0.9758579911856569
0.12015018773466835,10.0,1.9485930074179927,4.365064955733839,1.0445226374784526
0.1251564455569462,10.0,2.006390726092271,4.634778966871412,1.1138068167960355
0.13016270337922403,10.0,2.062267334677549,4.905199781770222,1.1835415644149037
0.13516896120150187,10.0,2.116239700992393,5.175825804109887,1.253563481786542
0.14017521902377972,10.0,2.168326951456803,5.446184330459733,1.323715060910214
0.1451814768460576,10.0,2.21855030685672,5.715830670646502,1.393844967291028
0.15018773466833543,10.0,2.266932924117532,5.984347271710684,1.4638082819541716
0.15519399249061328,10.0,2.3134997440056653,6.251342846733751,1.533466703315616
0.16020025031289112,10.0,2.358277344671937,6.5164515097354725,1.602688709991899
0.16520650813516896,10.0,2.4012938009454525,6.779331917760284,1.6713496858705812
0.1702127659574468,10.0,2.4425785492823486,7.039666421194189,1.7393320089620108
0.17521902377972465,10.0,2.48216225826964,7.297160223278964,1.8065251057155836
0.18022528160200252,10.0,2.520076704580784,7.551540549718384,1.872825472612891
0.18523153942428036,10.0,2.5563546542763174,7.80255582920187,1.938136666949108
0.1902377972465582,10.0,2.59102974934005,8.049974885604264,2.0023692687855874
0.19524405506883605,10.0,2.6241363993387528,8.293586142556292,2.0654408161036475
0.2002503128911139,10.0,2.6557096780911063,8.533196841018727,2.1272757152145516
0.20525657071339173,10.0,2.6857852252297927,8.768632270434283,2.1878051284861693
0.2102628285356696,10.0,2.714399152539063,8.999735013974593,2.2469668414349973
0.21526908635794745,10.0,2.741587954948835,9.226364208345542,2.3047051112053323
0.2202753441802253,10.0,2.76738842606539,9.448394818562392,2.3609704984173523
0.22528160200250313,10.0,2.791837578117991,9.665716928056703,2.415719684314542
0.23028785982478098,10.0,2.8149725662002862,9.878235044429792,2.4689152750800605
0.23529411764705882,10.0,2.8368306166850847,10.08586742112252,2.520525595122773
0.2403003754693367,10.0,2.857448959691084,10.288545395228402,2.5705244710582926
0.24530663329161453,10.0,2.876864765480302,10.486212741636221,2.618891008029778
0.2503128911138924,10.0,2.89511508466534,10.678825043649791,2.66560935992861
0.2553191489361702,10.0,2.9122367921061696,10.866349080195773,2.710668494987566
0.26032540675844806,10.0,2.928266534376864,11.048762229695742,2.7540619581296286
0.26533166458072593,10.0,2.9432406806835907,11.226051890645943,2.7957876313650782
0.27033792240300375,10.0,2.9571952771162247,11.39821491891718,2.835847493438757
0.2753441802252816,10.0,2.970166004117121,11.56525708175802,2.874247379839037
0.28035043804755944,10.0,2.9821881370519066,11.727192528457143,2.9109967441907854
0.2853566958698373,10.0,2.99329650976857,11.884043277594825,2.9461084219669096
0.2903629536921152,10.0,3.0035254810326832,12.035838720789371,2.9795983973674165
0.295369211514393,10.0,3.01290890372822,12.182615142821746,3.011485574131745
0.30037546933667086,10.0,3.021480096715181,12.324415258000586,3.0417915509696836
0.3053817271589487,10.0,3.0292718192370454,12.461287762610109,3.070540402218812
0.31038798498122655,10.0,3.0363162477729766,12.593286903265296,3.0977584642623084
0.31539424280350437,10.0,3.042644955231659,12.720472060981841,3.1234741281702636
0.32040050062578224,10.0,3.048288892385678,12.842907350752855,3.147717638960585
0.3254067584480601,10.0,3.0532783714474325,12.960661236409996,3.1705209018120746
0.3304130162703379,10.0,3.0576430516896904,13.073806160533696,3.1919172955026047
0.3354192740926158,10.0,3.0614119270160725,13.182418189165231,3.2119414932892374
0.3404255319148936,10.0,3.064613315388944,13.286576671062535,3.2306292913949197
0.3454317897371715,10.0,3.0672748500244347,13.386363911232054,3.2480174452177843
0.3504380475594493,10.0,3.0694234722665517,13.481864858460158,3.264143513334128
0.35544430538172717,10.0,3.0710854260546308,13.573166806559927,3.279045709324789
0.36045056320400504,10.0,3.072286253900656,13.660359109042384,3.292762761416718
0.36545682102628285,10.0,3.0730507942952756,13.743532906915274,3.3053337798970213
0.3704630788485607,10.0,3.0734031804636346,13.822780869307557,3.316798132225471
0.37546933667083854,10.0,3.0733668403944554,13.898196946613425,3.327195325743323
0.3804755944931164,10.0,3.0729644980680852,13.96987613584629,3.336564897851148
0.3854818523153943,10.0,3.072218175811525,14.03791425789038,3.344946313506083
0.3904881101376721,10.0,3.0711491977107226,14.102407746335569,3.352378869869331
0.39549436795994997,10.0,3.0697781940126947,14.163453447579668,3.3589016079177423
0.4005006257822278,10.0,3.0681251064522663,14.221148431881634,3.3645532308187303
0.40550688360450565,10.0,3.0662091944404617,14.275589815048919,3.3693720288554485
0.41051314142678347,10.0,3.064049042053778,14.326874590442651,3.373395810679025
0.41551939924906134,10.0,3.0616625657657512,14.375099470985077,3.376661840656408
0.4205256570713392,10.0,3.0590670228643733,14.420360740855175,3.3792067820760607
0.425531914893617,10.0,3.0562790205010537,14.462754116560102,3.381066645969101
0.4305381727158949,10.0,3.053314525318895,14.502374617072425,3.38227674530037
0.4355444305381727,10.0,3.050188873610119,14.539316442725667,3.382871654282306
0.4405506883604506,10.0,3.0469167819545024,14.573672862563805,3.382885172564139
0.4455569461827284,10.0,3.043512358292671,14.605536109843618,3.3823502940497825
0.45056320400500627,10.0,3.0399891133900385,14.63499728539249,3.381299180099716
0.45556946182728414,10.0,3.0363599726491146,14.662146268528284,3.3797631368750225
0.46057571964956195,10.0,3.032637288229745,14.687071635252039,3.3777725965854906
0.4655819774718398,10.0,3.028832851438712,14.709860583428796,3.3753571024081506
0.47058823529411764,10.0,3.024957905351887,14.730598864676548,3.372545296847769
0.4755944931163955,10.0,3.021023157633899,14.749370722688168,3.3693649133165278
0.4806007509386734,10.0,3.0170387935219685,14.766258837716325,3.3658427707163012
0.4856070087609512,10.0,3.0130144889422406,14.78134427695658,3.3620047708135523
0.49061326658322907,10.0,3.008959423728555,14.794706450569297,3.357875898203803
0.4956195244055069,10.0,3.00488229491518,14.806423073086517,3.3534802226698237
0.5006257822277848,10.0,3.000791330076568,14.816570129955519,3.348840903745125
0.5056320400500626,10.0,2.9966943006886764,14.825221848976646,3.3439801973018715
0.5106382978723404,10.0,2.9925985354878546,14.83245067639861,3.338919463990001
0.5156445556946183,10.0,2.9885109338046902,14.8383272574405,3.333679179362054
0.5206508135168961,10.0,2.9844379788515774,14.8429204210156,3.328278945525932
0.5256570713391739,10.0,2.9803857509440808,14.846297168437996,3.3227375041754783
0.5306633291614519,10.0,2.976359940637447,14.848522665899086,3.3170727508564313
0.5356695869837297,10.0,2.972365861760845,14.849660240506982,3.3113017503327917
0.5406758448060075,10.0,2.9684084643331032,14.849771379687832,3.3054407529260823
0.5456821026282854,10.0,2.964492347344873,14.848915733754113,3.299505211707231
0.5506883604505632,10.0,2.960621771393231,14.847151121450874,3.2935098004278975
0.5556946182728411,10.0,2.9568006711558192,14.844533538296869,3.287468432084979
0.5607008760951189,10.0,2.9530326676926473,14.841117167543477,3.2813942780187566
0.5657071339173968,10.0,2.949321080564642,14.836954393580095,3.2752997874516256
0.5707133917396746,10.0,2.945668939759015,14.832095817620585,3.2691967073806403
0.5757196495619524,10.0,2.9420789974123953,14.826590275511084,3.26309610274318
0.5807259073842304,10.0,2.938553739323564,14.820484857505164,3.257008376780824
0.5857321652065082,10.0,2.935095396248452,14.813824929858027,3.25094329153213
0.590738423028786,10.0,2.931705954970871,14.806654158096869,3.244909988390353
0.5957446808510638,10.0,2.9283871691431984,14.799014531830117,3.2389170086672237
0.6007509386733417,10.0,2.9251405698919744,14.790946390963589,3.23297231410878
0.6057571964956195,10.0,2.9219674761840584,14.782488453196873,3.2270833073138534
0.6107634543178974,10.0,2.9188690049496584,14.773677842678554,3.2212568520102085
0.6157697121401753,10.0,2.91584608095917,14.764550119703879,3.2154992931474773
0.6207759699624531,10.0,2.9128994464513642,14.755139311343559,3.2098164767699466
0.6257822277847309,10.0,2.9100296705110247,14.745477942897278,3.2042137696359765
0.6307884856070087,10.0,2.9072371581946816,14.73559707007027,3.1986960785542897
0.6357947434292867,10.0,2.9045221594035855,14.725526311776028,3.1932678694106573
0.6408010012515645,10.0,2.9018847775035526,14.715293883472818,3.1879331858615734
0.6458072590738423,10.0,2.899324977691764,14.704926630946103,3.1826956676743765
0.6508135168961202,10.0,2.8968425951110253,14.69445006445335,3.17755856869596
0.655819774718398,10.0,2.8944373427123966,14.683888393152017,3.1725247744347223
0.6608260325406758,10.0,2.8921088188674724,14.673264559735541,3.1675968192427066
0.6658322903629537,10.0,2.8898565147319513,14.66260027520626,3.1627769030870687
0.6708385481852316,10.0,2.8876798213624566,14.651916053718091,3.158066907901987
0.6758448060075094,10.0,2.885578036588874,14.641231247425551,3.153468413513977
0.6808510638297872,10.0,2.883550371644763,14.630564081279449,3.1489827131352843
0.6858573216520651,10.0,2.8815959575586567,14.619931687713104,3.1446108284215866
0.690863579474343,10.0,2.8797138513093063,14.609350141166427,3.140353524091667
0.6958698372966208,10.0,2.877903041748155,14.598834492398527,3.1362113221080454
0.7008760951188986,10.0,2.876162455292529,14.58839880254276,3.132184515418742
0.7058823529411765,10.0,2.874490961393216,14.578056176861276,3.1282731812614397
0.7108886107634543,10.0,2.8728873777802812,14.567818798159076,3.1244771940323
0.7158948685857321,10.0,2.8713504754911137,14.557697959820587,3.1207962377225833
0.7209011264080101,10.0,2.8698789836848384,14.54770409843447,3.117229817927016
0.7259073842302879,10.0,2.8684715942473566,14.537846825975182,3.1137772734285765
0.7309136420525657,10.0,2.8671269661913743,14.52813496151226,3.1104377873650124
0.7359198998748435,10.0,2.8658437298558854,14.518576562420973,3.1072103979829713
0.7409261576971214,10.0,2.864620490909647,14.509178955070198,3.1040940089861166
0.7459324155193993,10.0,2.8634558341632594,14.499948764965781,3.101087399484065
0.7509386733416771,10.0,2.8623483271945207,14.490891946329818,3.0981892335493497
0.755944931163955,10.0,2.8612965237917654,14.48201381109836,3.095398069389928
0.7609511889862328,10.0,2.860298967219941,14.473319057322092,3.0927123681450794
0.7659574468085106,10.0,2.8593541933141915,14.46481179695644,3.0901305023127135
0.7709637046307886,10.0,2.858460733405742,14.456495583029376,3.087650763816362
0.7759699624530664,10.0,2.857617117084872,14.448373436176981,3.085271371720237
0.7809762202753442,10.0,2.856821874805781,14.44044787053838,3.0829904796008867
0.785982478097622,10.0,2.8560735403381226,14.432720919003405,3.0808061825840767
0.7909887359198999,10.0,2.8553706530699694,14.425194157807647,3.078716524055545
0.7959949937421777,10.0,2.854711760166959,14.417868730471122,3.0767195020543694
0.8010012515644556,10.0,2.8540954185923213,14.410745371078063,3.0748130753576586
0.8060075093867335,10.0,2.853520196992461,14.403824426896566,3.072995169265284
0.8110137672090113,10.0,2.852984677452724,14.397105880338149,3.071263681093342
0.8160200250312891,10.0,2.8524874571279235,14.390589370258219,3.0696164853849757
0.8210262828535669,10.0,2.8520271497521588,14.38427421259971,3.068051438847161
0.8260325406758449,10.0,2.8516023870323797,14.378159420382941,3.0665663850219245
0.8310387984981227,10.0,2.8512118199301173,14.37224372304586,3.0651591587004585
0.8360450563204005,10.0,2.8508541198357067,14.36652558513957,3.0638275900884047
0.8410513141426784,10.0,2.850527979639275,14.361003224384888,3.062569508730557
0.8460575719649562,10.0,2.850232114702691,14.355674629096491,3.0613827472030666
0.851063829787234,10.0,2.8499652637365913,14.3505375749818,3.060265144581117
0.8560700876095119,10.0,2.8497261895865273,14.345589641322508,3.0592145496899352
0.8610763454317898,10.0,2.849513679932192,14.340828226547139,3.0582288241468314
0.8660826032540676,10.0,2.8493265479036003,14.336250563203665,3.0573058452018484
0.8710888610763454,10.0,2.849163632618022,14.331853732341656,3.056443508384458
0.8760951188986233,10.0,2.849023799641365,14.327634677313904,3.05563972996357
0.8811013767209012,10.0,2.848905941377636,14.323590217007853,3.0548924492280145
0.886107634543179,10.0,2.84880897739,14.319717058517558,3.054199630594458
0.8911138923654568,10.0,2.8487318546568874,14.316011809267238,3.0535592655496124
0.8961201501877347,10.0,2.848673547766495,14.3124709885977,3.0529693744333914
0.9011264080100125,10.0,2.8486330590529434,14.309091038827292,3.0524280080695703
0.9061326658322904,10.0,2.8486094186772566,14.30586833579912,3.051933249250294
0.9111389236545683,10.0,2.8486016846562485,14.302799198926577,3.051483214080678
0.9161451814768461,10.0,2.848608942842299,14.299879900749277,3.051076053189546
0.9211514392991239,10.0,2.8486303068569185,14.297106676011731,3.0507099528122312
0.9261576971214017,10.0,2.8486649179809125,14.29447573027707,3.0503831357512006
0.9311639549436797,10.0,2.848711945003854,14.291983248088297,3.050093862220093
0.9361702127659575,10.0,2.848770584035502,14.289625400689523,3.0498404305766504
0.9411764705882353,10.0,2.848840058281701,14.28739835331973,3.049621177949838
0.9461827284105132,10.0,2.84891961778721,14.285298272091525,3.049434480766311
0.951188986232791,10.0,2.849008539147838,14.283321330467402,3.04927875518125
0.9561952440550688,10.0,2.8491061251941527,14.281463715345915,3.0491524574184194
0.9612015018773468,10.0,2.8492117046489653,14.279721632770183,3.0490540840241893
0.9662077596996246,10.0,2.849324631760704,14.278091313270991,3.0489821720400903
0.9712140175219024,10.0,2.8494442859147,14.276569016856705,3.0489352990983476
0.9762202753441802,10.0,2.8495700712243446,14.27515103766212,3.0489120834447085
0.9812265331664581,10.0,2.8497014161039766,14.27383370826816,3.048911183892714
0.986232790988736,10.0,2.8498377728253006,14.272613403704304,3.048931299713466
0.9912390488110138,10.0,2.8499786170590466,14.271486545145406,3.048971170464781
0.9962453066332917,10.0,2.8501234474035146,14.270449603314441,3.04902957576351
1.0012515644555695,10.0,2.8502717849015693,14.269499101602515,3.0491053350046693
1.0062578222778473,10.0,2.8504231725475817,14.268631618917308,3.049197307030889
1.0112640801001251,10.0,2.8505771747857422,14.26784379227096,3.0493043897555907
1.016270337922403,10.0,2.8507333770011045,14.267132319118147,3.049425519743158
1.0212765957446808,10.0,2.8508913850046476,14.266493959454959,3.049559671749254
1.0262828535669588,10.0,2.851050824513583,14.265925537688933,3.0497058582243217
1.0312891113892366,10.0,2.8512113406280695,14.26542394429041,3.0498631287831994
1.0362953692115144,10.0,2.851372597305435,14.26498613723514,3.050030569643639
1.0413016270337923,10.0,2.851534276832945,14.264609143247878,3.0502073030364514
1.04630788485607,10.0,2.851696079300103,14.264290058856412,3.050392486589844
1.0513141426783479,10.0,2.851857722071405,14.264026051265319,3.0505853126904547
1.0563204005006257,10.0,2.852018939260423,14.263814359058443,3.050785007823446
1.0613266583229037,10.0,2.8521794812060293,14.263652292738918,3.0509908318939547
1.0663329161451816,10.0,2.8523391139515377,14.263537235115232,3.0512020775320536
1.0713391739674594,10.0,2.85249761872747,14.263466641541717,3.051418069383339
1.0763454317897372,10.0,2.8526547914386207,14.263438040021498,3.051638163387092
1.081351689612015,10.0,2.852810442156041,14.263449031179748,3.051861746043949
1.0863579474342928,10.0,2.8529643946145247,14.26349728811487,3.0520882336748567
1.0913642052565709,10.0,2.8531164857161238,14.26358055613498,3.0523170716730403
1.0963704630788487,10.0,2.853266565040193,14.26369665238679,3.052547733750616
1.1013767209011265,10.0,2.8534144943604134,14.263843465383847,3.0527797211813907
1.1063829787234043,10.0,2.853560147169215,14.264018954440754,3.0530125620413235
1.1113892365456821,10.0,2.8537034082099684,14.264221149019862,3.0532458104480247
1.11639549436796,10.0,2.8538441730173,14.26444814799658,3.0534790458006147
1.1214017521902377,10.0,2.85398234746583,14.264698118849388,3.053711872021169
1.1264080100125158,10.0,2.854117847327616,14.264969296780242,3.053943916798921
1.1314142678347936,10.0,2.8542505978385457,14.265259983770969,3.0541748308383103
1.1364205256570714,10.0,2.854380533273898,14.265568547580989,3.0544042871119057
1.1414267834793492,10.0,2.854507596533255,14.26589342069146,3.054631980119155
1.146433041301627,10.0,2.854631738734936,14.266233099200814,3.0548576251518753
1.1514392991239049,10.0,2.854752918820074,14.266586141676356,3.055080957567293
1.1564455569461827,10.0,2.8548711031664675,14.266951167966466,3.055301732069429
1.1614518147684607,10.0,2.8549862652122706,14.267326857977716,3.055519721999539
1.1664580725907385,10.0,2.8550983850896112,14.267711950421036,3.0557347186362627
1.1714643304130163,10.0,2.855207449268166,14.268105241530849,3.0559465305061067
1.1764705882352942,10.0,2.8553134502087274,14.268505583760952,3.056154982704804
1.181476846057572,10.0,2.8554163860267683,14.268911884460723,3.0563599162300648
1.1864831038798498,10.0,2.8555162601659894,14.269323104535017,3.056561187326174
1.1914893617021276,10.0,2.85561308108183,14.269738257091038,3.0567586668408535
1.1964956195244056,10.0,2.8557068619348973,14.270156406075204,3.0569522395947604
1.2015018773466835,10.0,2.8557976202942554,14.270576664902928,3.057141803763943
1.2065081351689613,10.0,2.8558853778505093,14.270998195084076,3.057327270275551
1.211514392991239,10.0,2.855970160138597,14.271420204846649,3.0575085622170466
1.216520650813517,10.0,2.8560519962701982,14.271841947761196,3.0576856142591264
1.2215269086357947,10.0,2.8561309186756523,14.2722627213682,3.0578583720925385
1.2265331664580725,10.0,2.856206962855275,14.272681865810648,3.058026791878939
1.2315394242803506,10.0,2.8562801671399436,14.273098762473769,3.0581908397158974
1.2365456821026284,10.0,2.856350572460822,14.273512832633871,3.058350491116135
1.2415519399249062,10.0,2.8564182221280814,14.273923536118044,3.058505730501061
1.246558197747184,10.0,2.856483161618476,14.274330369976326,3.0586565507086134
1.2515644555694618,10.0,2.8565454383716062,14.27473286716797,3.0588029525154354
1.2565707133917396,10.0,2.8566051015947256,14.275130595263102,3.0589449441733363
1.2615769712140175,10.0,2.856662202075913,14.2755231551612,3.059082540960019
1.2665832290362955,10.0,2.856716792005446,14.275910179827482,3.0592157647439815
1.2715894868585733,10.0,2.856768924805203,14.276291333048443,3.059344643563539
1.2765957446808511,10.0,2.8568186549659087,14.276666308207385,3.0594692112198256
1.281602002503129,10.0,2.8568660378920554,14.277034827081014,3.0595895068836843
1.2866082603254068,10.0,2.8569111297543044,14.27739663865781,3.0597055747162907
1.2916145181476846,10.0,2.8569539873491885,14.27775151797898,3.0598174635033617
1.2966207759699624,10.0,2.85699466796593,14.278099265002608,3.059925226302779
1.3016270337922404,10.0,2.8570332292601814,14.278439703491626,3.060028920105445
1.3066332916145182,10.0,2.8570697291345066,14.278772679926064,3.0601286055091954
1.311639549436796,10.0,2.8571042256254056,14.279098062440044,3.060224346405532
1.3166458072590739,10.0,2.8571367767966995,14.279415739783888,3.0603162096789975
1.3216520650813517,10.0,2.857167440639085,14.27972562031163,3.0604042649189465
1.3266583229036295,10.0,2.857196274975667,14.280027630994182,3.060488584143494
1.3316645807259073,10.0,2.8572233373732883,14.28032171645832,3.0605692415353936
1.3366708385481854,10.0,2.8572486850594574,14.280607838051653,3.0606463131896113
1.3416770963704632,10.0,2.857272374844705,14.280885972933643,3.06071987687234
1.346683354192741,10.0,2.8572944630501715,14.281156113192669,3.0607900117911937
1.3516896120150188,10.0,2.8573150054402525,14.28141826498917,3.0608567983763395
1.3566958698372966,10.0,2.8573340571601156,14.28167244772479,3.060920318072278
1.3617021276595744,10.0,2.8573516726779173,14.28191869323738,3.0609806531400396
1.3667083854818523,10.0,2.857367905731539,14.282157045021812,3.0610378864694914
1.3717146433041303,10.0,2.857382809279673,14.282387557476328,3.061092101401522
1.376720901126408,10.0,2.857396435457084,14.28261029517428,3.0611433815598046
1.381727158948686,10.0,2.8574088355338874,14.282825332161003,3.061191810691882
1.3867334167709637,10.0,2.857420059878664,14.28303275127555,3.0612374725192972
1.3917396745932415,10.0,2.8574301579252714,14.283232643497007,3.061280450596503
1.3967459324155194,10.0,2.8574391781431716,14.283425107315034,3.0613208281782684
1.4017521902377972,10.0,2.8574471680111366,14.28361024812435,3.061358688095331
1.4067584480600752,10.0,2.8574541739941712,14.283788177642734,3.0613941126380095
1.411764705882353,10.0,2.857460241523507,14.283959013352208,3.061427183447524
1.4167709637046308,10.0,2.857465414979524,14.28412287796297,3.0614579814147516
1.4217772215269087,10.0,2.8574697376774547,14.284279898899696,3.061486586586165
1.4267834793491865,10.0,2.857473251855738,14.284430207809748,3.0615130780766897
1.4317897371714643,10.0,2.8574759986668825,14.284573940092864,3.0615375339892252
1.436795994993742,10.0,2.8574780181707125,14.284711234451894,3.061560031340586
1.4418022528160201,10.0,2.8574793493298687,14.284842232464081,3.061580645993609
1.446808510638298,10.0,2.8574800300074377,14.284967078172466,3.061599452595183
1.4518147684605758,10.0,2.857480096966593,14.285085917696893,3.0616165245199634
1.4568210262828536,10.0,2.8574795858721287,14.285198898864165,3.0616319338195375
1.4618272841051314,10.0,2.857478531293774,14.285306170856868,3.0616457511768127
1.4668335419274092,10.0,2.857476966711178,14.285407883880335,3.061658045865381
1.471839799749687,10.0,2.8574749245204623,14.285504188847309,3.0616688857136753
1.476846057571965,10.0,2.8574724360422334,14.28559523707976,3.0616783370736638
1.481852315394243,10.0,2.8574695315309606,14.285681180027415,3.0616864647938895
1.4868585732165207,10.0,2.8574662401856212,14.28576216900246,3.061693332196647
1.4918648310387985,10.0,2.8574625901615245,14.285838354929952,3.0616990010590905
1.4968710888610763,10.0,2.857458608583219,14.28590988811344,3.0617035315980736
1.5018773466833542,10.0,2.857454321558408,14.285976918015303,3.0617069824585355
1.5068836045056322,10.0,2.8574497541927784,14.28603959305133,3.0617094107052436
1.51188986232791,10.0,2.857444930605676,14.286098060399063,3.0617108718177084
1.5168961201501878,10.0,2.857439873946545,14.286152465819404,3.061711419688101
1.5219023779724656,10.0,2.857434606412058,14.286202953491058,3.061711106621991
1.5269086357947435,10.0,2.857429149263872,14.286249665857298,3.061709983341753
1.5319148936170213,10.0,2.857423522846942,14.286292743484635,3.061708098992466
1.536921151439299,10.0,2.8574177466083235,14.286332324932916,3.061705501150163
1.5419274092615771,10.0,2.857411839116412,14.286368546636405,3.0617022358322687
1.546933667083855,10.0,2.8574058180805526,14.28640154279543,3.0616983475100863
1.5519399249061328,10.0,2.857399700370974,14.286431445278133,3.061693879123192
1.5569461827284106,10.0,2.8573935020389842,14.286458383531944,3.061688872095604
1.5619524405506884,10.0,2.8573872383373846,14.286482484504301,3.061683366353577
1.5669586983729662,10.0,2.8573809237410557,14.286503872572275,3.0616774003449354
1.571964956195244,10.0,2.857374571967663,14.286522669480677,3.0616710110597727
1.576971214017522,10.0,2.8573681959984487,14.286538994288227,3.0616642340524476
1.5819774718397999,10.0,2.857361808099063,14.286552963321466,3.061657103464733
1.5869837296620777,10.0,2.8573554198403985,14.28656469013598,3.0616496520500256
1.5919899874843555,10.0,2.857349042119397,14.286574285484626,3.061641911198512
1.5969962453066333,10.0,2.857342685179784,14.28658185729236,3.061633910963181
1.6020025031289111,10.0,2.8573363586327134,14.28658751063736,3.061625680086611
1.607008760951189,10.0,2.8573300714772807,14.286591347738101,3.0616172460284163
1.612015018773467,10.0,2.8573238321208843,14.286593467946028,3.0616086349932843
1.6170212765957448,10.0,2.857317648399407,14.28659396774357,3.0615998719595146
1.6220275344180226,10.0,2.8573115275971945,14.286592940747134,3.061590980707982
1.6270337922403004,10.0,2.8573054764668067,14.286590477714798,3.061581983851457
1.6320400500625782,10.0,2.8572995012485243,14.286586666558437,3.061572902864193
1.637046307884856,10.0,2.857293607689589,14.286581592359992,3.0615637581117436
1.6420525657071339,10.0,2.8572878010631633,14.286575337391586,3.0615545688809194
1.647058823529412,10.0,2.85728208618699,14.28656798113927,3.0615453534098385
1.6520650813516897,10.0,2.8572764674417415,14.286559600330115,3.0615361289180116
1.6570713391739675,10.0,2.8572709487890404,14.286550268962438,3.0615269116364097
1.6620775969962454,10.0,2.857265533789146,14.2865400583389,3.0615177168374537
1.6670838548185232,10.0,2.8572602256182926,14.286529037102255,3.0615085588649036
1.672090112640801,10.0,2.8572550270856674,14.286517271273569,3.061499451163569
1.6770963704630788,10.0,2.857249940650029,14.286504824292647,3.0614904063088337
1.6821026282853568,10.0,2.8572449684359484,14.286491757060526,3.061481436035928
1.6871088861076347,10.0,2.8572401122496767,14.286478127983775,3.0614725512689303
1.6921151439299125,10.0,2.8572353735946256,14.286463993020504,3.0614637621494616
1.6971214017521903,10.0,2.8572307536864643,14.286449405727817,3.0614550780650336
1.702127659574468,10.0,2.8572262534678234,14.28643441731062,3.061446507677031
1.707133917396746,10.0,2.8572218736226094,14.286419076671569,3.0614380589483003
1.7121401752190237,10.0,2.857217614589922,14.286403430462032,3.0614297391703174
1.7171464330413018,10.0,2.857213476577579,14.28638752313391,3.0614215549899155
1.7221526908635796,10.0,2.857209459575247,14.286371396992184,3.061413512435551
1.7271589486858574,10.0,2.8572055633671742,14.286355092248051,3.061405616943092
1.7321652065081352,10.0,2.857201787544536,14.28633864707253,3.0613978733811136
1.737171464330413,10.0,2.8571981315173853,14.28632209765042,3.0613902860756825
1.7421777221526908,10.0,2.857194594526216,14.286305478234478,3.0613828588346195
1.7471839799749687,10.0,2.8571911756531425,14.286288821199749,3.0613755949712314
1.7521902377972467,10.0,2.8571878738326935,14.28627215709791,3.0613684973275017
1.7571964956195245,10.0,2.8571846878622322,14.286255514711554,3.061361568296732
1.7622027534418023,10.0,2.8571816164119985,14.286238921108332,3.061354809845623
1.7672090112640801,10.0,2.857178658034785,14.286222401694834,3.0613482235358003
1.772215269086358,10.0,2.857175811175248,14.28620598027018,3.0613418105447714
1.7772215269086358,10.0,2.8571730741788586,14.28618967907922,3.0613355716863158
1.7822277847309136,10.0,2.8571704453005027,14.286173518865262,3.0613295074303033
1.7872340425531916,10.0,2.857167922712733,14.286157518922298,3.061323617921949
1.7922403003754694,10.0,2.8571655045136795,14.286141697146656,3.0613179030004893
1.7972465581977473,10.0,2.8571631887346274,14.286126070088004,3.0613123622172966
1.802252816020025,10.0,2.8571609733472645,14.286110652999687,3.0613069948534277
1.8072590738423029,10.0,2.857158856270609,14.286095459888331,3.0613017999366043
1.8122653316645807,10.0,2.857156835377624,14.286080503562678,3.061296776257638
1.8172715894868585,10.0,2.8571549085015224,14.286065795681612,3.061291922386306
1.8222778473091366,10.0,2.857153073441774,14.28605134680135,3.061287236686667
1.8272841051314144,10.0,2.857151327969818,14.286037166421748,3.0612827173318413
1.8322903629536922,10.0,2.8571496698344934,14.28602326303171,3.0612783623182547
1.83729662077597,10.0,2.857148096767187,14.286009644153689,3.0612741694793506
1.8423028785982478,10.0,2.857146606486715,14.285996316387195,3.0612701364987798
1.8473091364205256,10.0,2.8571451967039367,14.285983285451392,3.061266260923077
1.8523153942428034,10.0,2.857143865126119,14.285970556226667,3.061262540173831
1.8573216520650815,10.0,2.857142609461047,14.285958132795226,3.0612589715593606
1.8623279098873593,10.0,2.8571414274208973,14.285946018480677,3.0612555522858997
1.8673341677096371,10.0,2.8571403167258764,14.2859342158866,3.0612522794683077
1.872340425531915,10.0,2.8571392751076345,14.28592272693408,3.0612491501403034
1.8773466833541927,10.0,2.8571383003124593,14.28591155289824,3.0612461612642488
1.8823529411764706,10.0,2.8571373901042607,14.285900694443711,3.061243309740483
1.8873591989987484,10.0,2.8571365422673494,14.28589015165911,3.06124059241621
1.8923654568210264,10.0,2.8571357546090206,14.285879924090459,3.0612380060939683
1.8973717146433042,10.0,2.8571350249619467,14.285870010773582,3.0612355475396757
1.902377972465582,10.0,2.857134351186388,14.285860410265514,3.061233213490273
1.9073842302878599,10.0,2.857133731172226,14.285851120674842,3.061231000660965
1.9123904881101377,10.0,2.8571331628408316,14.285842139691097,3.061228905752083
1.9173967459324155,10.0,2.8571326441467657,14.285833464613093,3.0612269254555686
1.9224030037546935,10.0,2.8571321730793273,14.285825092376323,3.0612250564610948
1.9274092615769713,10.0,2.8571317476639524,14.285817019579344,3.061223295461832
1.9324155193992492,10.0,2.8571313659634683,14.28580924250922,3.0612216391598777
1.937421777221527,10.0,2.8571310260792115,14.285801757165995,3.061220084271347
1.9424280350438048,10.0,2.857130726152016,14.285794559286241,3.0612186275311486
1.9474342928660826,10.0,2.8571304643630744,14.28578764436568,3.061217265697445
1.9524405506883604,10.0,2.8571302389346838,14.28578100768088,3.06121599555582
1.9574468085106385,10.0,2.8571300481308737,14.285774644310086,3.061214813923147
1.9624530663329163,10.0,2.8571298902579305,14.28576854915316,3.0612137176511913
1.967459324155194,10.0,2.857129763664816,14.285762716950655,3.061212703629929
1.972465581977472,10.0,2.8571296667434907,14.285757142302066,3.061211768790615
1.9774718397997497,10.0,2.8571295979291462,14.28575181968324,3.0612109101086062
1.9824780976220275,10.0,2.857129555700347,14.285746743462996,3.0612101246059336
1.9874843554443054,10.0,2.8571295385790934,14.285741907918947,3.061209409353654
1.9924906132665834,10.0,2.8571295451308045,14.285737307252564,3.061208761473978
1.9974968710888612,10.0,2.857129573964231,14.285732935603479,3.061208178142187
2.002503128911139,0.0,2.80733156731478,14.279648438294275,2.9898194298169156
2.0075093867334166,0.0,2.708291311659284,14.255687938130217,2.8498336501490487
2.0125156445556946,0.0,2.610414083251101,14.208854021116576,2.7130230844759256
2.0175219023779727,0.0,2.5137987152330474,14.140559905126038,2.5795731673291202
2.0225281602002503,0.0,2.4185361306210726,14.052172955651526,2.4496470776576085
2.0275344180225283,0.0,2.324709648655627,13.94501503098926,2.323385958710724
2.032540675844806,0.0,2.23239528623873,13.820362884774207,2.2009093298394475
2.037546933667084,0.0,2.14166205422984,13.679448621838777,2.0823156616196288
2.0425531914893615,0.0,2.05257224839605,13.523460203510382,1.9676830881010492
2.0475594493116396,0.0,1.9651817348326606,13.353541998604948,1.8570702322725077
2.0525657071339176,0.0,1.8795402296908132,13.170795376514768,1.7505171230066625
2.057571964956195,0.0,1.7956915730676428,12.976279338926567,1.648046183805799
2.0625782227784732,0.0,1.713673996933046,12.771011186842317,1.5496632756133784
2.067584480600751,0.0,1.6335203869846469,12.555967219709332,1.455358777785694
2.072590738423029,0.0,1.555258538338953,12.332083463596975,1.365108693034664
2.0775969962453065,0.0,1.4789114049829413,12.100256425487474,1.2788757637599089
2.0826032540675845,0.0,1.4044973429249237,11.861343870873654,1.1966105886863527
2.0876095118898625,0.0,1.3320303469982586,11.616165621981548,1.118252730117605
2.09261576971214,0.0,1.2615202812846118,11.365504374056071,1.0437318034065401
2.097622027534418,0.0,1.1929731031365105,11.110106527267135,0.9729685414379079
2.1026282853566958,0.0,1.126391080791003,10.850683031909474,0.9058758280162218
2.107634543178974,0.0,1.0617730045774134,10.587910244681703,0.8423596950595158
2.1126408010012514,0.0,0.9991143917332499,10.322430793941543,0.7823202794206886
2.1176470588235294,0.0,0.9384076848520155,10.054854451940146,0.7256527359958329
2.1226533166458075,0.0,0.8796424439964902,9.785759012144343,0.6722481045388508
2.127659574468085,0.0,0.8228055325195658,9.515691169855996,0.6219941282865784
2.132665832290363,0.0,0.7678812966431715,9.245167404437224,0.5747760231139422
2.1376720901126407,0.0,0.7148517388534954,8.974674861546124,0.5304771964878062
2.1426783479349187,0.0,0.6636966851776781,8.70467223387978,0.4889799159753475
2.1476846057571968,0.0,0.6143939464140316,8.435590639012833,0.45016592749255674
2.1526908635794744,0.0,0.5669194733936733,8.167834493005834,0.4139170238539194
2.1576971214017524,0.0,0.5212475063572496,7.901782378542893,0.38011556451016765
2.16270337922403,0.0,0.47735071853555394,7.637787906439811,0.34864494764039355
2.167709637046308,0.0,0.43520035402739815,7.37618056944188,0.3193900360014529
2.1727158948685856,0.0,0.39476636007258215,7.117266587307977,0.29223753813529163
2.1777221526908637,0.0,0.3560175138214032,6.861329742249457,0.2670763466962782
2.1827284105131417,0.0,0.31892154370583614,6.608632203864522,0.24379783578970457
2.1877346683354193,0.0,0.28344524552037514,6.35941534277545,0.2222961193116654
2.1927409261576973,0.0,0.24955459332336452,6.113900532242298,0.20246827235296072
2.197747183979975,0.0,0.21721484527199567,5.872289937089494,0.18421451777784692
2.202753441802253,0.0,0.1863906445060698,5.634767289341289,0.1674383801149999
2.2077596996245306,0.0,0.15704611519751185,5.40149865002104,0.1520468089055531
2.2127659574468086,0.0,0.12914495388385094,5.172633156623344,0.1379502736434114
2.2177722152690866,0.0,0.10265051620519224,4.948303755822323,0.12506283241872465
2.2227784730913642,0.0,0.07752589916491476,4.728627921028827,0.11330217633799917
2.2277847309136423,0.0,0.05373401903503365,4.5137083544584184,0.10258965174595297
2.23279098873592,0.0,0.03123768502752149,4.3036336734180365,0.09285026221635777
2.237797246558198,0.0,0.009999668852948763,4.098479080562504,0.08401265221333452
2.2428035043804755,0.0,-0.010017229712154014,3.8983070179148704,0.07600907425239815
2.2478097622027535,0.0,-0.02885012112821782,3.7031678044830785,0.06877534131307832
2.2528160200250316,0.0,-0.04653596814519108,3.513100257344287,0.062250766173565036
2.257822277847309,0.0,-0.06311153148483242,3.328132296102814,0.056378089253403194
2.262828535669587,0.0,-0.07861331903358909,3.1482815306620817,0.05110339646390911
2.267834793491865,0.0,-0.09307753842788609,2.9735558322828095,0.04637602847846422
2.272841051314143,0.0,-0.10654005291481185,2.803953887929223,0.04214848274693977
2.2778473091364204,0.0,-0.119036340372356,2.639465737934255,0.03837630949095495
2.2828535669586985,0.0,-0.13060145537481024,2.48007329704037,0.035018002829968094
2.2878598247809765,0.0,-0.1412699941903516,2.325750858898568,0.032034888102972635
2.292866082603254,0.0,-0.1510760625994864,2.1764655841306557,0.02939100636716696
2.297872340425532,0.0,-0.16005324642467963,2.032177972082246,0.02705299697385136
2.3028785982478097,0.0,-0.16823458466327895,1.892842316414261,0.024989979043249018
2.3078848560700878,0.0,-0.1756525451177258,1.758407144699151,0.023173432584228777
2.3128911138923653,0.0,-0.18233900241893236,1.6288156422063222,0.02157707993226283
2.3178973717146434,0.0,-0.18832521834074384,1.5040060600766223,0.02017676810950823
2.3229036295369214,0.0,-0.1936418243054142,1.3839121081014276,0.018950352644830915
2.327909887359199,0.0,-0.19831880598216278,1.2684633323348709,0.017877583328938105
2.332916145181477,0.0,-0.20238548988300195,1.1575854777806405,0.01693999232063884
2.3379224030037546,0.0,-0.20587053186221657,1.0512008364061067,0.016120784964612472
2.3429286608260327,0.0,-0.20880190742810376,0.9492285807464249,0.015404733628932965
2.3479349186483103,0.0,-0.21120690377780488,0.8515850833710356,0.014778074821952
2.3529411764705883,0.0,-0.2131121134683464,0.7581842224925748,0.01422840980291969
2.3579474342928664,0.0,-0.2145434296392686,0.6689376740060459,0.013744608858868043
2.362953692115144,0.0,-0.21552604270452608,0.5837551902519337,0.013316719381698656
2.367959949937422,0.0,-0.21608443843363334,0.5025448658027325,0.012935877844018102
2.3729662077596996,0.0,-0.21624239734433112,0.4252133905769662,0.012594225739935693
2.3779724655819776,0.0,-0.21602299533134986,0.35166629058838383,0.012284829527663068
2.382978723404255,0.0,-0.2154486054581357,0.28180815664152054,0.012001604584212315
2.3879849812265332,0.0,-0.21454090084069044,0.21554286128676417,0.011739243158642169
2.3929912390488113,0.0,-0.21332085855494748,0.15277376435021195,0.011493146289023648
2.397997496871089,0.0,-0.21180876450136035,0.09340390735431836,0.011259359629443452
2.403003754693367,0.0,-0.21002421916261788,0.03733619714604941,0.01103451311680348
2.4080100125156445,0.0,-0.2079861441926173,-0.015526420950853327,0.010815764392765763
2.4130162703379225,0.0,-0.2057127897770132,-0.06528080014368658,0.010600745883797408
2.4180225281602,0.0,-0.20322174270783414,-0.11202343902370535,0.010387515431755773
2.423028785982478,0.0,-0.20052993511678519,-0.15585033795107414,0.01017451035868284
2.428035043804756,0.0,-0.1976536538139738,-0.1968568646605176,0.009960504842323395
2.433041301627034,0.0,-0.1946085501808595,-0.2351376287790293,0.009744570473213152
2.438047559449312,0.0,-0.19140965056827625,-0.27078636494966846,0.009526039859880679
2.4430538172715894,0.0,-0.1880713671523824,-0.30389582425867673,0.009304473145650858
2.4480600750938675,0.0,-0.1846075092033537,-0.33455767366676886,0.009079627298613181
2.453066332916145,0.0,-0.18103129472357984,-0.3628624031490906,0.008851428035419573
2.458072590738423,0.0,-0.17735536241400054,-0.3888992402526256,0.008619944239595716
2.463078848560701,0.0,-0.17359178392908722,-0.4127560717840108,0.008385364735893564
2.4680851063829787,0.0,-0.16975207638277157,-0.4345193723454572,0.008147977283783029
2.4730913642052568,0.0,-0.16584721506940223,-0.45427413944118333,0.007908149655394277
2.4780976220275344,0.0,-0.16188764636554048,-0.472103834881777,0.007666312665993974
2.4831038798498124,0.0,-0.15788330078007815,-0.488090332219129,0.007422945028332055
2.48811013767209,0.0,-0.15384360612182368,-0.502313869949806,0.00717855990586146
2.493116395494368,0.0,-0.1497775007552796,-0.5148530102302926,0.006933693043840414
2.498122653316646,0.0,-0.14569344691691227,-0.5257846028530127,0.006688892361619285
2.5031289111389237,0.0,-0.14159944406570835,-0.5351837542378004,0.006444708893929748
2.5081351689612017,0.0,-0.13750304224329266,-0.5431238011992024,0.006201688973685535
2.5131414267834793,0.0,-0.1334113554203085,-0.5496762892558469,0.0059603675536213565
2.5181476846057573,0.0,-0.12933107480713,-0.5549109552540278,0.005721262568996551
2.523153942428035,0.0,-0.1252684821083354,-0.558895714083558,0.005484870248536438
2.528160200250313,0.0,-0.12122946270164323,-0.5616966492699507,0.005251661285737726
2.533166458072591,0.0,-0.11721951872328823,-0.5633780072329484,0.00502207778759867
2.5381727158948686,0.0,-0.11324378204300563,-0.5640021950074434,0.004796530922717012
2.5431789737171466,0.0,-0.10930702711297241,-0.563629781228811,0.004575399195509209
2.5481852315394242,0.0,-0.10541368367618215,-0.5623195001906707,0.004359027278018976
2.5531914893617023,0.0,-0.10156784932080355,-0.5601282587890488,0.004147725335383622
2.55819774718398,0.0,-0.09777330186813846,-0.557111146172849,0.003941768785499659
2.563204005006258,0.0,-0.09403351158277885,-0.5533214459264236,0.003741398437757692
2.568210262828536,0.0,-0.09035165319455099,-0.5488106506158936,0.0035468209598943064
2.5732165206508135,0.0,-0.0867306177227436,-0.5436284785366432,0.003358209626022499
2.5782227784730916,0.0,-0.08317302409401925,-0.537822892505154,0.0031757053027491287
2.583229036295369,0.0,-0.07968123054626042,-0.5314401205440088,0.0029994176339607293
2.588235294117647,0.0,-0.0762573458114072,-0.5245246783144683,0.0028294263883546175
2.593241551939925,0.0,-0.07290324007114171,-0.517119393156564,0.0026657829371106957
2.598247809762203,0.0,-0.06962055568000042,-0.509265429602048,0.002508511832236802
2.603254067584481,0.0,-0.06641071765122579,-0.5010023162309131,0.002357612459081407
2.6082603254067585,0.0,-0.06327494390132997,-0.49236797374742025,0.0022130607392898153
2.6132665832290365,0.0,-0.060214255249998634,-0.4833987441567436,0.0020748108630895814
2.618272841051314,0.0,-0.05722948517257627,-0.4741294209284019,0.0019427970322290402
2.623279098873592,0.0,-0.05432128930294656,-0.4645932800375788,0.0018169351971639848
2.6282853566958697,0.0,-0.05149015468518906,-0.45482211178032705,0.0016971247741977558
2.6332916145181477,0.0,-0.04873640877289896,-0.4448462532633496,0.0015832503302319763
2.638297872340426,0.0,-0.04606022817556713,-0.4346946214737431,0.001475183224587331
2.6433041301627034,0.0,-0.04346164715186967,-0.42439474683857137,0.0013727831990092804
2.6483103879849814,0.0,-0.04094056585016438,-0.4139728071885838,0.0012758999084908932
2.653316645807259,0.0,-0.03849675829690436,-0.40345366204470584,0.0011843743869289873
2.658322903629537,0.0,-0.03612988013405891,-0.39286088715008777,0.001098040442887136
2.6633291614518146,0.0,-0.033839476107008076,-0.3822168091746343,0.0010167259818773867
2.6683354192740927,0.0,-0.03162498730470285,-0.371542540522846,0.0009402542525965075
2.6733416770963707,0.0,-0.02948575815421367,-0.3608580141797172,0.0008684450154708393
2.6783479349186483,0.0,-0.027421043172072564,-0.3501820185331242,0.0008011156326808335
2.6833541927409263,0.0,-0.025430013475095617,-0.3395322321147988,0.0007380820795601744
2.688360450563204,0.0,-0.02351176305362454,-0.3289252582054954,0.000679159877900205
2.693366708385482,0.0,-0.021665314810353425,-0.31837665925333136,0.0006241649522444893
2.6983729662077596,0.0,-0.019889626368130926,-0.307900991057624,0.0005729144107372974
2.7033792240300376,0.0,-0.01818359565031314,-0.2975118366736668,0.0005252272524982148
2.7083854818523156,0.0,-0.01654606623743153,-0.2872218399970215,0.000480925003839741
2.7133917396745932,0.0,-0.014975832504092745,-0.2770427389888066,0.0004398322859297603
2.7183979974968713,0.0,-0.013471644540178527,-0.26698539850635794,0.00040177731673222424
2.723404255319149,0.0,-0.0120322128605436,-0.2570598427063803,0.0003665923502415026
2.728410513141427,0.0,-0.010656212907520186,-0.24727528699032517,0.00033411405616333835
2.7334167709637045,0.0,-0.009342289350646706,-0.23764016946432281,0.00030418384329296207
2.7384230287859825,0.0,-0.008089060188117916,-0.2281621818883805,0.00027664812990208074
2.7434292866082606,0.0,-0.006895120654536774,-0.21884830009195802,0.00025135856447585346
2.748435544430538,0.0,-0.0057590469396045,-0.2097048138352256,0.00022817220014147513
2.753441802252816,0.0,-0.004679399722440986,-0.20073735609749085,0.00020695162610564945
2.758448060075094,0.0,-0.0036547275262677186,-0.19195093177633288,0.0001875650593718267
2.763454317897372,0.0,-0.0026835698982120826,-0.18334994578291944,0.00016988639994264498
2.7684605757196494,0.0,-0.0017644604190174384,-0.17493823052090052,0.00015379525263148846
2.7734668335419275,0.0,-0.000895929547448346,-0.16671907273800712,0.0001391769185116023
2.7784730913642055,0.0,-7.650730418795411e-05,-0.15869523974123437,0.0001259223589245378
2.783479349186483,0.0,0.0006952741999864709,-0.1508690049680611,0.00011392813485355595
2.788485607008761,0.0,0.0014208783869748816,-0.14324217290772068,0.00010309632434426982
2.7934918648310387,0.0,0.0021017619803193376,-0.1358161033679918,9.333442052580412e-05
2.7984981226533168,0.0,0.002739372915639532,-0.12859173508433394,8.455521265273245e-05
2.8035043804755944,0.0,0.0033351483878469967,-0.12156960866953329,7.667665245255692e-05
2.8085106382978724,0.0,0.0038905130304905033,-0.11474988890321425,6.962170792660415e-05
2.8135168961201504,0.0,0.004406877222627572,-0.10813238636177276,6.331820661528692e-05
2.818523153942428,0.0,0.0048856355186713985,-0.10171657839034352,5.769867020252038e-05
2.823529411764706,0.0,0.005328165196716543,-0.09550162941946108,5.2700142199735724e-05
2.8285356695869837,0.0,0.00573582492090738,-0.08948641063003422,4.8264010318061046e-05
2.8335419274092617,0.0,0.006109953513479095,-0.08366951897113288,4.433582500852271e-05
2.8385481852315393,0.0,0.0064518688321669295,-0.07804929553595621,4.086511552516693e-05
2.8435544430538173,0.0,0.006762866748753207,-0.07262384330209733,3.780520474518588e-05
2.8485607008760954,0.0,0.007044220224593971,-0.06739104424297795,3.511302386393974e-05
2.853566958698373,0.0,0.007297178479046189,-0.06234857581796828,3.274892797140841e-05
2.858573216520651,0.0,0.007522966246794959,-0.05749392684934435,3.0676513410392856e-05
2.8635794743429286,0.0,0.007722783120162241,-0.05282441279480307,2.8862437715844482e-05
2.8685857321652066,0.0,0.00789780297256303,-0.0483371904247606,2.7276242839154202e-05
2.873591989987484,0.0,0.008049173459359207,-0.04402927191415929,2.5890182271168046e-05
2.8785982478097623,0.0,0.008178015592449212,-0.039897538358912236,2.467905259308997e-05
2.8836045056320403,0.0,0.008285423385018689,-0.03593875272752835,2.362002990530577e-05
2.888610763454318,0.0,0.008372463562966979,-0.032149572258786535,2.269251151041711e-05
2.893617021276596,0.0,0.008440175339613479,-0.02852656031665025,2.18779631583523e-05
2.8986232790988735,0.0,0.00848957025037831,-0.025066197713884623,2.1159772098184885e-05
2.9036295369211516,0.0,0.008521632044222483,-0.02176489351606342,2.052310612310776e-05
2.908635794743429,0.0,0.008537316628723224,-0.018618995337874193,1.9954778741727423e-05
2.913642052565707,0.0,0.008537552065751275,-0.015624799143780775,1.9443120560270927e-05
2.9186483103879852,0.0,0.008523238614807407,-0.012778558565261625,1.8977856916265127e-05
2.923654568210263,0.0,0.008495248821165986,-0.01007649374693721,1.8549991764540845e-05
2.928660826032541,0.0,0.008454427646063288,-0.007514799733993995,1.8151697780839992e-05
2.9336670838548184,0.0,0.008401592636257836,-0.005089654413369118,1.777621261664311e-05
2.9386733416770965,0.0,0.008337534130378688,-0.002797226021185374,1.7417741210875357e-05
2.943679599499374,0.0,0.008263015499565788,-0.0006336802289487745,1.7071364039678915e-05
2.948685857321652,0.0,0.008178773419993384,0.001404813179004742,1.6732951164237096e-05
2.95369211514393,0.0,0.008085518174953968,0.003322074024346138,1.6399081918493913e-05
2.9586983729662077,0.0,0.007983933984264979,0.00512190583746943,1.606697006331483e-05
2.963704630788486,0.0,0.007874679358844613,0.0068080903317456615,1.5734394220979397e-05
2.9687108886107634,0.0,0.007758387478385876,0.008384382237060874,1.53996333936794e-05
2.9737171464330414,0.0,0.007635666590139057,0.009854504480492013,1.506140736172164e-05
2.978723404255319,0.0,0.007507100426893405,0.011222143702083598,1.471882175121686e-05
2.983729662077597,0.0,0.007373248642326811,0.012490946093828063,1.4371317556988135e-05
2.988735919899875,0.0,0.0072346472619700865,0.01366451355008765,1.4018624904085464e-05
2.9937421777221527,0.0,0.0070918091481075125,0.01474640011785836,1.3660720830475216e-05
2.9987484355444307,0.0,0.006945224477009808,0.015740108735437637,1.3297790874031041e-05
3.0037546933667083,0.0,0.006795361226968195,0.016649088248234047,1.29301942487331e-05
3.0087609511889863,0.0,0.006642665675668683,0.01747673069064473,1.2558432397843338e-05
3.0137672090112644,0.0,0.0064875629055156665,0.018226368823114413,1.2183120715636706e-05
3.018773466833542,0.0,0.006330457315580752,0.018901273913694436,1.1804963233899995e-05
3.02377972465582,0.0,0.006171733138919124,0.019504653753623896,1.1424730074751899e-05
3.0287859824780976,0.0,0.006011754964059934,0.020039650896667763,1.10432374772764e-05
3.0337922403003756,0.0,0.005850868259539196,0.0205093411121662,1.0661330211896758e-05
3.0387984981226532,0.0,0.005689399900405229,0.020916732041968124,1.0279866203260238e-05
3.0438047559449313,0.0,0.005527658695684824,0.02126476205165102,9.899703189561699e-06
3.0488110137672093,0.0,0.005365935915856561,0.02155629926665481,9.521687253637762e-06
3.053817271589487,0.0,0.0052045058194324775,0.021794140784191687,9.146643068732469e-06
3.058823529411765,0.0,0.005043626177803712,0.02198101205202558,8.77536570951319e-06
3.0638297872340425,0.0,0.004883538797557914,0.022119566405450652,8.408613886639053e-06
3.0688360450563206,0.0,0.0047244700395262336,0.022212384754034767,8.047104470901633e-06
3.073842302878598,0.0,0.004566631333867289,0.02226197540992971,7.69150818062621e-06
3.078848560700876,0.0,0.004410219690541787,0.022270774049787733,7.342446313594118e-06
3.0838548185231542,0.0,0.0042554182045778585,0.02224114380255996,7.000488412193918e-06
3.088861076345432,0.0,0.004102396555570245,0.022175375455688675,6.66615075779245e-06
3.09386733416771,0.0,0.003951311500899231,0.022075687772440074,6.339895597415934e-06
3.0988735919899875,0.0,0.003802307362195888,0.02194422791335816,6.0221310127193e-06
3.1038798498122655,0.0,0.0036555165046188126,0.02178307195505186,5.71321134787997e-06
3.108886107634543,0.0,0.0035110598085458804,0.02159422549975809,5.4134381194685714e-06
3.113892365456821,0.0,0.0033690471333197424,0.02137962436935056,5.123061337505135e-06
3.118898623279099,0.0,0.0032295777727211826,0.021141135377690076,4.842281172802772e-06
3.1239048811013768,0.0,0.003092740901876834,0.020880557175433922,4.571249911318309e-06
3.128911138923655,0.0,0.0029586160153398846,0.020599621161641865,4.310074141572231e-06
3.1339173967459324,0.0,0.0028272733561126575,0.020299992456732942,4.058817126263204e-06
3.1389236545682104,0.0,0.0026987743354084364,0.019983270931559292,3.817501313985325e-06
3.143929912390488,0.0,0.002573171942978138,0.01965099228757431,3.586110951463996e-06
3.148936170212766,0.0,0.002450511147852944,0.019304629183276537,3.3645947609569494e-06
3.153942428035044,0.0,0.002330829289379707,0.018945592402314623,3.1528686514307855e-06
3.1589486858573217,0.0,0.0022141564584490315,0.01857523205883514,2.950818435820773e-06
3.1639549436795997,0.0,0.0021005158688388614,0.018194838835850248,2.7583025301237913e-06
3.1689612015018773,0.0,0.0019899242186177018,0.017805645252592203,2.575154613266114e-06
3.1739674593241554,0.0,0.0018823920415714475,0.017408826957006386,2.401186229637842e-06
3.178973717146433,0.0,0.0017779240486374304,0.017005504039717803,2.2361893189051202e-06
3.183979974968711,0.0,0.0016765194593466454,0.016596742365981153,2.07993866020576e-06
3.188986232790989,0.0,0.0015781723232926761,0.016183554922299434,1.932194220117162e-06
3.1939924906132666,0.0,0.0014828718316612173,0.015766903174562474,1.7927033958637148e-06
3.1989987484355447,0.0,0.0013906026188693602,0.015347698434721871,1.6612031471174017e-06
3.2040050062578223,0.0,0.001301345054377764,0.014926803233178349,1.5374220114484847e-06
3.2090112640801003,0.0,0.0012150755247516075,0.014505032694211061,1.4210820000132577e-06
3.214017521902378,0.0,0.0011317667060588385,0.014083155911930989,1.311900371434602e-06
3.219023779724656,0.0,0.001051387826705036,0.013661897324384144,1.209591283045958e-06
3.224030037546934,0.0,0.0009739049208151738,0.013241938083574184,1.113867319743064e-06
3.2290362953692116,0.0,0.0008992810722818182,0.01282391741930892,1.0244409016273578e-06
3.2340425531914896,0.0,0.0008274766496084769,0.012408433994909237,9.410255724419134e-07
3.239048811013767,0.0,0.000758449531684968,0.011996047252947077,8.633371715029824e-07
3.244055068836045,0.0,0.0006921553246389164,0.01158727874930177,7.910948924266029e-07
3.249061326658323,0.0,0.0006285475699146281,0.011182613473945604,7.240222324497449e-07
3.254067584480601,0.0,0.0005675779437363278,0.01078250115698255,6.618478365556397e-07
3.259073842302879,0.0,0.0005091964481186289,0.0103873575585774,6.043062409428321e-07
3.2640801001251565,0.0,0.00045335159359168416,0.009997565741517512,5.511385206328529e-07
3.2690863579474345,0.0,0.0003999905738130079,0.00961347732525348,5.020928462006288e-07
3.274092615769712,0.0,0.0003490594322417295,0.009235413720363796,4.5692495474064896e-07
3.27909887359199,0.0,0.0003005032210541486,0.008863667342482263,4.1539854025691264e-07
3.2841051314142677,0.0,0.00025426615248249815,0.008498502804819735,3.7728556869220774e-07
3.289111389236546,0.0,0.00021029174276083635,0.00814015808849682,3.423665227969485e-07
3.294117647058824,0.0,0.00016852294886412296,0.007788845689989631,3.1043058198581527e-07
3.2991239048811014,0.0,0.00012890229822772484,0.007444753745068524,2.8127574224565644e-07
3.3041301627033794,0.0,9.137201163577697e-05,0.007108047128687083,2.547088810457756e-07
3.309136420525657,0.0,5.587411946745667e-05,0.00677886853035113,2.3054577206549028e-07
3.314142678347935,0.0,2.2350571490402725e-05,0.006457339504565697,2.086110543976107e-07
3.3191489361702127,0.0,-9.256659609353337e-06,0.006143561496025391,1.8873816071400958e-07
3.3241551939924907,0.0,-3.900548077214958e-05,0.0058376168392742615,1.7076920869345875e-07
3.3291614518147687,0.0,-6.695358699583228e-05,0.0055395697326225185,1.5455485981583973e-07
3.3341677096370463,0.0,-9.31583754660708e-05,0.005249467186162104,1.3995414942283275e-07
3.3391739674593244,0.0,-0.00011767686519975844,0.004967339943777396,1.2683429173604268e-07
3.344180225281602,0.0,-0.00014056562201688298,0.004693203379097606,1.1507046331111422e-07
3.34918648310388,0.0,-0.00016188068865801485,0.0044270583653840505,1.0454556819268277e-07
3.3541927409261576,0.0,-0.0001816775198663417,0.004168892119391636,9.514998782182467e-08
3.3591989987484356,0.0,-0.00020001092225540998,0.003918679019284373,8.678131853626258e-08
3.3642052565707137,0.0,-0.00021693499878589251,0.0036763813967257493,7.934409929551464e-08
3.3692115143929913,0.0,-0.00023250309767725564,0.0034419503033004313,7.274953205932952e-08
3.3742177722152693,0.0,-0.00024676776558273697,0.003215326251459133,6.691519704928537e-08
3.379224030037547,0.0,-0.00025978070485879816,0.0029964399302106473,6.176476493103744e-08
3.384230287859825,0.0,-0.0002715927347631317,0.002785212895814279,5.722770776908002e-08
3.3892365456821025,0.0,-0.00028225375641821604,0.002581558237754819,5.3239010427647256e-08
3.3942428035043806,0.0,-0.000291812721380579,0.002385381220306616,4.9738883920842265e-08
3.3992490613266586,0.0,-0.00030031760365904124,0.002196579900018176,4.667248205269655e-08
3.404255319148936,0.0,-0.0003078153750285337,0.0020150457194693643,4.398962253374825e-08
3.4092615769712142,0.0,-0.00031435198348937836,0.001840664077673795,4.164451361512022e-08
3.414267834793492,0.0,-0.00031997233472532647,0.0016733148775169996,3.9595487143992753e-08
3.41927409261577,0.0,-0.00032472027641711356,0.0015128730506367447,3.7804738815816305e-08
3.4242803504380475,0.0,-0.00032863858527174786,0.0013592090601674532,3.623807627856043e-08
3.4292866082603255,0.0,-0.00033176895663130783,0.0012121893817828278,3.486467563259183e-08
3.4342928660826035,0.0,-0.00033415199652854553,0.0010716769634833128,3.365684676630735e-08
3.439299123904881,0.0,-0.00033582721606018566,0.0009375316645844115,3.258980787217574e-08
3.444305381727159,0.0,-0.0003368330279523771,0.0008096106743711799,3.16414694001705e-08
3.4493116395494368,0.0,-0.00033720674519634555,0.000687768910891675,3.079222762542388e-08
3.454317897371715,0.0,-0.000336984581635883,0.0005718594003679957,3.0024767934023986e-08
3.4593241551939924,0.0,-0.00033620165439188237,0.00046173363770927545,2.9323877864920882e-08
3.4643304130162704,0.0,-0.00033489198801269426,0.00035724192861424263,2.8676269886573757e-08
3.4693366708385485,0.0,-0.0003330885202426269,0.0002582337137545298,2.8070413833953e-08
3.474342928660826,0.0,-0.0003308231093044334,0.00016455787553122891,2.749637888446003e-08
3.479349186483104,0.0,-0.00032812654259512316,7.606302789849693e-05,2.6945684909922732e-08
3.4843554443053817,0.0,-0.000325028546697903,-7.40221025197817e-06,2.6411163005720797e-08
3.4893617021276597,0.0,-0.000321557798616467,-8.598895765290646e-05,2.5886824966958253e-08
3.4943679599499373,0.0,-0.00031774193814125697,-0.00015984782867812397,2.536774145510615e-08
3.4993742177722154,0.0,-0.0003136075812606379,-0.00022912870632533597,2.4849928576348515e-08
3.5043804755944934,0.0,-0.0003091803345332491,-0.0002939805296786659,2.4330242574673696e-08
3.509386733416771,0.0,-0.00030448481034101884,-0.0003545510953688706,2.3806282328237882e-08
3.514392991239049,0.0,-0.00029954464294553655,-0.0004109868725531227,2.327629932639723e-08
3.5193992490613266,0.0,-0.00029438250527361547,-0.0004634328309411424,2.273911479676317e-08
3.5244055068836047,0.0,-0.00028902012636094874,-0.0005120322814000096,2.219404364640319e-08
3.5294117647058822,0.0,-0.0002834783093858074,-0.0005569267286755571,2.164082487862517e-08
3.5344180225281603,0.0,-0.00027777695022766606,-0.0005982557357748565,2.107955814638339e-08
3.5394242803504383,0.0,-0.0002719350564885718,-0.0006361567995607304,2.051064610499744e-08
3.544430538172716,0.0,-0.0002659707669178833,-0.0006707652371165483,1.9934742230341845e-08
3.549436795994994,0.0,-0.0002599013711837986,-0.0007022140824468379,1.9352703773737935e-08
3.5544430538172715,0.0,-0.00025374332993779883,-0.0007306339930869906,1.876554953125186e-08
3.5594493116395496,0.0,-0.0002475122951207584,-0.0007561531662034459,1.8174422112783837e-08
3.564455569461827,0.0,-0.000241223130462078,-0.0007788972637738303,1.7580554405052976e-08
3.569461827284105,0.0,-0.00023488993212567104,-0.000798989346445164,1.698523993216494e-08
3.5744680851063833,0.0,-0.0002285260494591089,-0.0008165498156767538,1.6389806827755474e-08
3.579474342928661,0.0,-0.0002221441058045724,-0.000831696363783344,1.5795595143580447e-08
3.584480600750939,0.0,-0.0002157560193325806,-0.00084454393150298,1.5203937230752773e-08
3.5894868585732165,0.0,-0.0002093730238617056,-0.0008552046727231374,1.4616140941486031e-08
3.5944931163954945,0.0,-0.00020300568962963104,-0.0008637879260078853,1.403347541108554e-08
3.599499374217772,0.0,-0.00019666394398304494,-0.000870400192578034,1.3457159191940955e-08
3.60450563204005,0.0,-0.00019035709195585715,-0.0008751451204055909,1.2888350523321244e-08
3.609511889862328,0.0,-0.0001840938367072339,-0.000878123494093119,1.2328139532788966e-08
3.6145181476846058,0.0,-0.00017788229979281316,-0.000879433230218003,1.1777542176953419e-08
3.619524405506884,0.0,-0.0001717300412443193,-0.0008791693778309371,1.1237495741022088e-08
3.6245306633291614,0.0,-0.00016564407943456738,-0.0008774241238073123,1.0708855728126466e-08
3.6295369211514394,0.0,-0.00015963091070653464,-0.0008742868027594705,1.0192393980646296e-08
3.634543178973717,0.0,-0.00015369652874685206,-0.0008698439112270652,9.688797886701973e-09
3.639549436795995,0.0,-0.0001478464436856154,-0.000864179125871954,9.198670535585033e-09
3.644555694618273,0.0,-0.0001420857009059698,-0.0008573733254131996,8.72253169613562e-09
3.6495619524405507,0.0,-0.00013641889954835152,-0.0008495046160467825,8.260819501919761e-09
3.6545682102628287,0.0,-0.0001308502106956893,-0.0008406483601035987,7.81389273650092e-09
3.6595744680851063,0.0,-0.00012538339522721005,-0.000830877207708173,7.3820336211203425e-09
3.6645807259073844,0.0,-0.00012002182132975966,-0.0008202611312092349,6.9654510156914554e-09
3.669586983729662,0.0,-0.0001147684816568079,-0.0008088674621619673,6.564283952173972e-09
3.67459324155194,0.0,-0.00010962601012644811,-0.0007967609306501805,6.178605427113735e-09
3.679599499374218,0.0,-0.00010459669835085377,-0.0007840037067450799,5.808426387425001e-09
3.6846057571964956,0.0,-9.968251169069472e-05,-0.0007706554439054611,5.453699850346989e-09
3.6896120150187737,0.0,-9.488510492904944e-05,-0.0007567733241322688,5.1143251049402e-09
3.6946182728410513,0.0,-9.020583756031531e-05,-0.0007424121046983815,4.790151948502901e-09
3.6996245306633293,0.0,-8.564578869052226e-05,-0.0007276241662822009,4.480984916894737e-09
3.704630788485607,0.0,-8.120577154634917e-05,-0.0007124595623412969,4.186587472967225e-09
3.709637046307885,0.0,-7.688634759094075e-05,-0.0006969660695697178,3.906686122126043e-09
3.714643304130163,0.0,-7.268784024542776e-05,-0.0006811892392899225,3.6409744285081233e-09
3.7196495619524406,0.0,-6.86103482157668e-05,-0.0006651724496373256,3.3891169093547967e-09
3.7246558197747186,0.0,-6.465375842522417e-05,-0.0006489569584024118,3.15075278892136e-09
3.729662077596996,0.0,-6.081775855347979e-05,-0.0006325819564021366,2.9254995966951146e-09
3.7346683354192742,0.0,-5.710184918392819e-05,-0.000616084621258858,2.7129565978143728e-09
3.739674593241552,0.0,-5.350535556134781e-05,-0.0005995001714715246,2.5127080464085004e-09
3.74468085106383,0.0,-5.002743896262564e-05,-0.0005828619206699811,2.324326255125305e-09
3.749687108886108,0.0,-4.666710768374662e-05,-0.0005662013319493919,2.147374476397928e-09
3.7546933667083855,0.0,-4.3423227646705815e-05,-0.0005495480721875729,1.9814095930397983e-09
3.7596996245306635,0.0,-4.029453263044626e-05,-0.0005329300662537655,1.8259846175627395e-09
3.764705882352941,0.0,-3.7279634130325724e-05,-0.0005163735510229075,1.680651001202773e-09
3.769712140175219,0.0,-3.437703085097579e-05,-0.0004999031291147431,1.544960755025793e-09
3.7747183979974968,0.0,-3.158511783777291e-05,-0.00048354182228236924,1.418468386687272e-09
3.779724655819775,0.0,-2.890219525243489e-05,-0.0004673111243797142,1.300732657447631e-09
3.784730913642053,0.0,-2.632647679855729e-05,-0.000451231053842364,1.1913181649146957e-09
3.7897371714643304,0.0,-2.3856097803146912e-05,-0.00043532020562072357,1.0897967577066731e-09
3.7947434292866085,0.0,-2.1489122960451056e-05,-0.0004195958025090391,9.95748788818369e-10
3.799749687108886,0.0,-1.922355374458823e-05,-0.00040407374581812695,9.087642149402295e-10
3.804755944931164,0.0,-1.7057335497663497e-05,-0.0003887686653437675,8.284435493358344e-10
3.8097622027534417,0.0,-1.4988364200225955e-05,-0.0003736939685867942,7.543986761403934e-10
3.8147684605757197,0.0,-1.3014492931054367e-05,-0.0003588618891846645,6.862535341090482e-10
3.8197747183979978,0.0,-1.1133538023390659e-05,-0.000344283534518068,6.236446779308401e-10
3.8247809762202754,0.0,-9.34328492483231e-06,-0.00032996893245958224,5.662217252392315e-10
3.8297872340425534,0.0,-7.64149376818535e-06,-0.00031592707723481796,5.136476974029772e-10
3.834793491864831,0.0,-6.025904660645488e-06,-0.00030216597436972755,4.655992620788314e-10
3.839799749687109,0.0,-4.494242698719881e-06,-0.0002886926847007984,4.2176688535752226e-10
3.844806007509387,0.0,-3.044222716344855e-06,-0.0002755133674278731,3.818549011439084e-10
3.8498122653316647,0.0,-1.6735537736666326e-06,-0.0002626333221920815,3.4558150518658697e-10
3.8548185231539427,0.0,-3.7994339396336194e-07,-0.0002500570301640954,3.1267868091809067e-10
3.8598247809762203,0.0,8.388984438209024e-07,-0.00023778819413045797,2.828920639888831e-10
3.8648310387984983,0.0,1.9852555494829666e-06,-0.000225829777568127,2.559807520815368e-10
3.869837296620776,0.0,3.0614019954852035e-06,-0.00021418404269972477,2.3171706628047782e-10
3.874843554443054,0.0,4.06959881302417e-06,-0.00020285258752409565,2.0988626995084633e-10
3.879849812265332,0.0,5.012090902914356e-06,-0.00019183638181889657,1.9028625075159659e-10
3.8848560700876096,0.0,5.8911041540253185e-06,-0.00018113580211383016,1.7272717107549678e-10
3.8898623279098876,0.0,6.708842762076972e-06,-0.00017075066563499775,1.5703109187554216e-10
3.894868585732165,0.0,7.467486741676596e-06,-0.00016068026322257423,1.4303157450565764e-10
3.8998748435544432,0.0,8.169189624569425e-06,-0.0001509233912255927,1.3057326487570977e-10
3.904881101376721,0.0,8.81607633716345e-06,-0.00014147838237919878,1.195114638988473e-10
3.909887359198999,0.0,9.410241250492597e-06,-0.00013234313567109888,1.0971168789441255e-10
3.914893617021277,0.0,9.953746395883496e-06,-0.00012351514520530908,1.0104922230383386e-10
3.9198998748435545,0.0,1.0448619839704829e-05,-0.00011499152807249975,9.340867178091082e-11
3.9249061326658325,0.0,1.0896854210691368e-05,-0.00010676905123740834,8.668350943294719e-11
3.92991239048811,0.0,1.130040537345473e-05,-9.884415745485569e-05,8.077562771590266e-11
3.934918648310388,0.0,1.1661191241917741e-05,-9.121299022685606e-05,7.559489322576744e-11
3.9399249061326658,0.0,1.1981090726534017e-05,-8.38714178142564e-05,7.105870738022768e-11
3.944931163954944,0.0,1.2261942809286811e-05,-7.681505631712264e-05,6.709157474956875e-11
3.949937421777222,0.0,1.250554574059159e-05,-7.003929183888949e-05,6.362468057397277e-11
3.9549436795994994,0.0,1.2713656352363588e-05,-6.353930174993853e-05,6.059547879584747e-11
3.9599499374217775,0.0,1.2887989481647272e-05,-5.7310075066911886e-05,5.7947291740638054e-11
3.964956195244055,0.0,1.3030217499343267e-05,-5.1346431964622166e-05,5.562892239753574e-11
3.969962453066333,0.0,1.314196993870851e-05,-4.564304243789416e-05,5.3594280082416575e-11
3.9749687108886107,0.0,1.3224833218444996e-05,-4.019444413114093e-05,5.18020201089786e-11
3.9799749687108887,0.0,1.328035045533462e-05,-3.499505935382254e-05,5.021519795001442e-11
3.9849812265331668,0.0,1.3310021361518382e-05,-3.0039211300295862e-05,4.8800938238738026e-11
3.9899874843554444,0.0,1.3315302221660435e-05,-2.5321139492811704e-05,4.7530118839610966e-11
3.9949937421777224,0.0,1.3297605945378571e-05,-2.0835014466662124e-05,4.637707010877198e-11
4.0,0.0,1.3258302190464027e-05,-1.6574951716661426e-05,4.531928936546409e-11
